calibration_index,sample_id,input_file,reference_file,selection
0,4,images/img_004_SR10.6_RMSE0.0214_SSIM0.8896.JPEG,img_004_original.JPEG,deterministic_random_seed_905_from_first_6400_training_pairs
1,8,images/img_008_SR9.2_RMSE0.0332_SSIM0.8108.JPEG,img_008_original.JPEG,deterministic_random_seed_905_from_first_6400_training_pairs
2,14,images/img_014_SR9.3_RMSE0.0577_SSIM0.7213.JPEG,img_014_original.JPEG,deterministic_random_seed_905_from_first_6400_training_pairs
3,16,images/img_016_SR11.9_RMSE0.0525_SSIM0.7086.JPEG,img_016_original.JPEG,deterministic_random_seed_905_from_first_6400_training_pairs
4,17,images/img_017_SR9.1_RMSE0.0355_SSIM0.7415.JPEG,img_017_original.JPEG,deterministic_random_seed_905_from_first_6400_training_pairs
5,27,images/img_027_SR11.0_RMSE0.0431_SSIM0.7148.JPEG,img_027_original.JPEG,deterministic_random_seed_905_from_first_6400_training_pairs
6,28,images/img_028_SR9.5_RMSE0.0447_SSIM0.7514.JPEG,img_028_original.JPEG,deterministic_random_seed_905_from_first_6400_training_pairs
7,43,images/img_043_SR12.3_RMSE0.0420_SSIM0.7162.JPEG,img_043_original.JPEG,deterministic_random_seed_905_from_first_6400_training_pairs
8,44,images/img_044_SR9.5_RMSE0.0350_SSIM0.7856.JPEG,img_044_original.JPEG,deterministic_random_seed_905_from_first_6400_training_pairs
9,54,images/img_054_SR11.5_RMSE0.0385_SSIM0.7968.JPEG,img_054_original.JPEG,deterministic_random_seed_905_from_first_6400_training_pairs
10,57,images/img_057_SR9.7_RMSE0.0318_SSIM0.8047.JPEG,img_057_original.JPEG,deterministic_random_seed_905_from_first_6400_training_pairs
11,71,images/img_071_SR10.3_RMSE0.0411_SSIM0.7781.JPEG,img_071_original.JPEG,deterministic_random_seed_905_from_first_6400_training_pairs
12,75,images/img_075_SR9.9_RMSE0.0395_SSIM0.7665.JPEG,img_075_original.JPEG,deterministic_random_seed_905_from_first_6400_training_pairs
13,80,images/img_080_SR7.7_RMSE0.0426_SSIM0.7502.JPEG,img_080_original.JPEG,deterministic_random_seed_905_from_first_6400_training_pairs
14,88,images/img_088_SR14.5_RMSE0.0598_SSIM0.7040.JPEG,img_088_original.JPEG,deterministic_random_seed_905_from_first_6400_training_pairs
15,89,images/img_089_SR11.8_RMSE0.0541_SSIM0.7514.JPEG,img_089_original.JPEG,deterministic_random_seed_905_from_first_6400_training_pairs
16,98,images/img_098_SR12.8_RMSE0.0537_SSIM0.7791.JPEG,img_098_original.JPEG,deterministic_random_seed_905_from_first_6400_training_pairs
17,102,images/img_102_SR11.5_RMSE0.0319_SSIM0.7840.JPEG,img_102_original.JPEG,deterministic_random_seed_905_from_first_6400_training_pairs
18,115,images/img_115_SR9.1_RMSE0.0330_SSIM0.8392.JPEG,img_115_original.JPEG,deterministic_random_seed_905_from_first_6400_training_pairs
19,116,images/img_116_SR10.9_RMSE0.0279_SSIM0.8514.JPEG,img_116_original.JPEG,deterministic_random_seed_905_from_first_6400_training_pairs
20,119,images/img_119_SR8.7_RMSE0.0508_SSIM0.7784.JPEG,img_119_original.JPEG,deterministic_random_seed_905_from_first_6400_training_pairs
21,137,images/img_137_SR9.1_RMSE0.0404_SSIM0.7751.JPEG,img_137_original.JPEG,deterministic_random_seed_905_from_first_6400_training_pairs
22,142,images/img_142_SR13.1_RMSE0.0351_SSIM0.8040.JPEG,img_142_original.JPEG,deterministic_random_seed_905_from_first_6400_training_pairs
23,145,images/img_145_SR9.0_RMSE0.0272_SSIM0.7988.JPEG,img_145_original.JPEG,deterministic_random_seed_905_from_first_6400_training_pairs
24,184,images/img_184_SR10.8_RMSE0.0601_SSIM0.7543.JPEG,img_184_original.JPEG,deterministic_random_seed_905_from_first_6400_training_pairs
25,189,images/img_189_SR9.1_RMSE0.0381_SSIM0.7252.JPEG,img_189_original.JPEG,deterministic_random_seed_905_from_first_6400_training_pairs
26,200,images/img_200_SR11.9_RMSE0.0902_SSIM0.6320.JPEG,img_200_original.JPEG,deterministic_random_seed_905_from_first_6400_training_pairs
27,204,images/img_204_SR9.9_RMSE0.0401_SSIM0.8069.JPEG,img_204_original.JPEG,deterministic_random_seed_905_from_first_6400_training_pairs
28,205,images/img_205_SR8.1_RMSE0.0303_SSIM0.8497.JPEG,img_205_original.JPEG,deterministic_random_seed_905_from_first_6400_training_pairs
29,207,images/img_207_SR12.4_RMSE0.0858_SSIM0.5052.JPEG,img_207_original.JPEG,deterministic_random_seed_905_from_first_6400_training_pairs
30,209,images/img_209_SR7.9_RMSE0.0395_SSIM0.8231.JPEG,img_209_original.JPEG,deterministic_random_seed_905_from_first_6400_training_pairs
31,224,images/img_224_SR9.3_RMSE0.0248_SSIM0.8590.JPEG,img_224_original.JPEG,deterministic_random_seed_905_from_first_6400_training_pairs
32,227,images/img_227_SR9.4_RMSE0.0401_SSIM0.7011.JPEG,img_227_original.JPEG,deterministic_random_seed_905_from_first_6400_training_pairs
33,231,images/img_231_SR10.5_RMSE0.0280_SSIM0.8201.JPEG,img_231_original.JPEG,deterministic_random_seed_905_from_first_6400_training_pairs
34,234,images/img_234_SR9.5_RMSE0.0535_SSIM0.6631.JPEG,img_234_original.JPEG,deterministic_random_seed_905_from_first_6400_training_pairs
35,252,images/img_252_SR9.0_RMSE0.0470_SSIM0.8090.JPEG,img_252_original.JPEG,deterministic_random_seed_905_from_first_6400_training_pairs
36,253,images/img_253_SR8.5_RMSE0.0393_SSIM0.8073.JPEG,img_253_original.JPEG,deterministic_random_seed_905_from_first_6400_training_pairs
37,258,images/img_258_SR12.6_RMSE0.0593_SSIM0.6692.JPEG,img_258_original.JPEG,deterministic_random_seed_905_from_first_6400_training_pairs
38,274,images/img_274_SR11.4_RMSE0.0286_SSIM0.8378.JPEG,img_274_original.JPEG,deterministic_random_seed_905_from_first_6400_training_pairs
39,277,images/img_277_SR10.3_RMSE0.0404_SSIM0.7838.JPEG,img_277_original.JPEG,deterministic_random_seed_905_from_first_6400_training_pairs
40,278,images/img_278_SR10.8_RMSE0.0208_SSIM0.8991.JPEG,img_278_original.JPEG,deterministic_random_seed_905_from_first_6400_training_pairs
41,279,images/img_279_SR11.7_RMSE0.0703_SSIM0.5942.JPEG,img_279_original.JPEG,deterministic_random_seed_905_from_first_6400_training_pairs
42,298,images/img_298_SR9.4_RMSE0.0458_SSIM0.7553.JPEG,img_298_original.JPEG,deterministic_random_seed_905_from_first_6400_training_pairs
43,301,images/img_301_SR12.5_RMSE0.0569_SSIM0.7010.JPEG,img_301_original.JPEG,deterministic_random_seed_905_from_first_6400_training_pairs
44,320,images/img_320_SR9.9_RMSE0.0376_SSIM0.8321.JPEG,img_320_original.JPEG,deterministic_random_seed_905_from_first_6400_training_pairs
45,321,images/img_321_SR9.3_RMSE0.0505_SSIM0.7647.JPEG,img_321_original.JPEG,deterministic_random_seed_905_from_first_6400_training_pairs
46,333,images/img_333_SR10.0_RMSE0.0573_SSIM0.6494.JPEG,img_333_original.JPEG,deterministic_random_seed_905_from_first_6400_training_pairs
47,335,images/img_335_SR9.3_RMSE0.1038_SSIM0.6068.JPEG,img_335_original.JPEG,deterministic_random_seed_905_from_first_6400_training_pairs
48,355,images/img_355_SR8.6_RMSE0.0334_SSIM0.8065.JPEG,img_355_original.JPEG,deterministic_random_seed_905_from_first_6400_training_pairs
49,356,images/img_356_SR8.9_RMSE0.0239_SSIM0.8799.JPEG,img_356_original.JPEG,deterministic_random_seed_905_from_first_6400_training_pairs
50,360,images/img_360_SR9.6_RMSE0.0468_SSIM0.7032.JPEG,img_360_original.JPEG,deterministic_random_seed_905_from_first_6400_training_pairs
51,394,images/img_394_SR8.8_RMSE0.0376_SSIM0.8722.JPEG,img_394_original.JPEG,deterministic_random_seed_905_from_first_6400_training_pairs
52,396,images/img_396_SR11.8_RMSE0.0279_SSIM0.8096.JPEG,img_396_original.JPEG,deterministic_random_seed_905_from_first_6400_training_pairs
53,402,images/img_402_SR9.3_RMSE0.0412_SSIM0.8243.JPEG,img_402_original.JPEG,deterministic_random_seed_905_from_first_6400_training_pairs
54,403,images/img_403_SR10.8_RMSE0.0740_SSIM0.6772.JPEG,img_403_original.JPEG,deterministic_random_seed_905_from_first_6400_training_pairs
55,404,images/img_404_SR12.0_RMSE0.0705_SSIM0.6426.JPEG,img_404_original.JPEG,deterministic_random_seed_905_from_first_6400_training_pairs
56,408,images/img_408_SR10.4_RMSE0.0689_SSIM0.6552.JPEG,img_408_original.JPEG,deterministic_random_seed_905_from_first_6400_training_pairs
57,410,images/img_410_SR8.5_RMSE0.0427_SSIM0.7869.JPEG,img_410_original.JPEG,deterministic_random_seed_905_from_first_6400_training_pairs
58,442,images/img_442_SR7.7_RMSE0.0339_SSIM0.7609.JPEG,img_442_original.JPEG,deterministic_random_seed_905_from_first_6400_training_pairs
59,444,images/img_444_SR11.0_RMSE0.0634_SSIM0.6384.JPEG,img_444_original.JPEG,deterministic_random_seed_905_from_first_6400_training_pairs
60,449,images/img_449_SR9.0_RMSE0.0162_SSIM0.8970.JPEG,img_449_original.JPEG,deterministic_random_seed_905_from_first_6400_training_pairs
61,450,images/img_450_SR10.2_RMSE0.0256_SSIM0.8513.JPEG,img_450_original.JPEG,deterministic_random_seed_905_from_first_6400_training_pairs
62,454,images/img_454_SR9.5_RMSE0.0645_SSIM0.7286.JPEG,img_454_original.JPEG,deterministic_random_seed_905_from_first_6400_training_pairs
63,458,images/img_458_SR10.9_RMSE0.0287_SSIM0.8370.JPEG,img_458_original.JPEG,deterministic_random_seed_905_from_first_6400_training_pairs
64,473,images/img_473_SR8.6_RMSE0.0587_SSIM0.7457.JPEG,img_473_original.JPEG,deterministic_random_seed_905_from_first_6400_training_pairs
65,498,images/img_498_SR9.9_RMSE0.0354_SSIM0.8415.JPEG,img_498_original.JPEG,deterministic_random_seed_905_from_first_6400_training_pairs
66,499,images/img_499_SR10.5_RMSE0.0261_SSIM0.8995.JPEG,img_499_original.JPEG,deterministic_random_seed_905_from_first_6400_training_pairs
67,500,images/img_500_SR10.5_RMSE0.0487_SSIM0.6934.JPEG,img_500_original.JPEG,deterministic_random_seed_905_from_first_6400_training_pairs
68,503,images/img_503_SR11.3_RMSE0.0432_SSIM0.6616.JPEG,img_503_original.JPEG,deterministic_random_seed_905_from_first_6400_training_pairs
69,510,images/img_510_SR10.2_RMSE0.0360_SSIM0.8563.JPEG,img_510_original.JPEG,deterministic_random_seed_905_from_first_6400_training_pairs
70,520,images/img_520_SR9.5_RMSE0.0827_SSIM0.7481.JPEG,img_520_original.JPEG,deterministic_random_seed_905_from_first_6400_training_pairs
71,524,images/img_524_SR10.7_RMSE0.0534_SSIM0.7177.JPEG,img_524_original.JPEG,deterministic_random_seed_905_from_first_6400_training_pairs
72,535,images/img_535_SR10.5_RMSE0.0487_SSIM0.8054.JPEG,img_535_original.JPEG,deterministic_random_seed_905_from_first_6400_training_pairs
73,537,images/img_537_SR10.7_RMSE0.0710_SSIM0.5999.JPEG,img_537_original.JPEG,deterministic_random_seed_905_from_first_6400_training_pairs
74,554,images/img_554_SR7.0_RMSE0.0469_SSIM0.4497.JPEG,img_554_original.JPEG,deterministic_random_seed_905_from_first_6400_training_pairs
75,559,images/img_559_SR10.4_RMSE0.0558_SSIM0.7162.JPEG,img_559_original.JPEG,deterministic_random_seed_905_from_first_6400_training_pairs
76,561,images/img_561_SR9.1_RMSE0.0516_SSIM0.7707.JPEG,img_561_original.JPEG,deterministic_random_seed_905_from_first_6400_training_pairs
77,569,images/img_569_SR7.1_RMSE0.0392_SSIM0.7904.JPEG,img_569_original.JPEG,deterministic_random_seed_905_from_first_6400_training_pairs
78,573,images/img_573_SR10.1_RMSE0.0669_SSIM0.6788.JPEG,img_573_original.JPEG,deterministic_random_seed_905_from_first_6400_training_pairs
79,593,images/img_593_SR9.2_RMSE0.0451_SSIM0.7602.JPEG,img_593_original.JPEG,deterministic_random_seed_905_from_first_6400_training_pairs
80,595,images/img_595_SR9.4_RMSE0.0656_SSIM0.6271.JPEG,img_595_original.JPEG,deterministic_random_seed_905_from_first_6400_training_pairs
81,604,images/img_604_SR11.8_RMSE0.0833_SSIM0.5725.JPEG,img_604_original.JPEG,deterministic_random_seed_905_from_first_6400_training_pairs
82,607,images/img_607_SR10.2_RMSE0.0477_SSIM0.7850.JPEG,img_607_original.JPEG,deterministic_random_seed_905_from_first_6400_training_pairs
83,609,images/img_609_SR10.5_RMSE0.0397_SSIM0.7896.JPEG,img_609_original.JPEG,deterministic_random_seed_905_from_first_6400_training_pairs
84,612,images/img_612_SR9.8_RMSE0.0176_SSIM0.8845.JPEG,img_612_original.JPEG,deterministic_random_seed_905_from_first_6400_training_pairs
85,613,images/img_613_SR9.9_RMSE0.0636_SSIM0.7169.JPEG,img_613_original.JPEG,deterministic_random_seed_905_from_first_6400_training_pairs
86,628,images/img_628_SR11.7_RMSE0.0533_SSIM0.6851.JPEG,img_628_original.JPEG,deterministic_random_seed_905_from_first_6400_training_pairs
87,630,images/img_630_SR11.4_RMSE0.0321_SSIM0.8735.JPEG,img_630_original.JPEG,deterministic_random_seed_905_from_first_6400_training_pairs
88,632,images/img_632_SR10.3_RMSE0.0476_SSIM0.7717.JPEG,img_632_original.JPEG,deterministic_random_seed_905_from_first_6400_training_pairs
89,646,images/img_646_SR10.5_RMSE0.0381_SSIM0.7733.JPEG,img_646_original.JPEG,deterministic_random_seed_905_from_first_6400_training_pairs
90,651,images/img_651_SR7.9_RMSE0.0286_SSIM0.9189.JPEG,img_651_original.JPEG,deterministic_random_seed_905_from_first_6400_training_pairs
91,653,images/img_653_SR10.2_RMSE0.0572_SSIM0.8051.JPEG,img_653_original.JPEG,deterministic_random_seed_905_from_first_6400_training_pairs
92,655,images/img_655_SR11.4_RMSE0.0906_SSIM0.5901.JPEG,img_655_original.JPEG,deterministic_random_seed_905_from_first_6400_training_pairs
93,667,images/img_667_SR9.2_RMSE0.0514_SSIM0.8176.JPEG,img_667_original.JPEG,deterministic_random_seed_905_from_first_6400_training_pairs
94,670,images/img_670_SR10.7_RMSE0.0705_SSIM0.7192.JPEG,img_670_original.JPEG,deterministic_random_seed_905_from_first_6400_training_pairs
95,683,images/img_683_SR11.1_RMSE0.0414_SSIM0.7870.JPEG,img_683_original.JPEG,deterministic_random_seed_905_from_first_6400_training_pairs
96,692,images/img_692_SR9.3_RMSE0.0453_SSIM0.7249.JPEG,img_692_original.JPEG,deterministic_random_seed_905_from_first_6400_training_pairs
97,698,images/img_698_SR10.5_RMSE0.0513_SSIM0.7521.JPEG,img_698_original.JPEG,deterministic_random_seed_905_from_first_6400_training_pairs
98,705,images/img_705_SR13.7_RMSE0.0882_SSIM0.7225.JPEG,img_705_original.JPEG,deterministic_random_seed_905_from_first_6400_training_pairs
99,709,images/img_709_SR12.0_RMSE0.0387_SSIM0.8063.JPEG,img_709_original.JPEG,deterministic_random_seed_905_from_first_6400_training_pairs
100,721,images/img_721_SR8.0_RMSE0.0434_SSIM0.7990.JPEG,img_721_original.JPEG,deterministic_random_seed_905_from_first_6400_training_pairs
101,722,images/img_722_SR9.4_RMSE0.0320_SSIM0.8576.JPEG,img_722_original.JPEG,deterministic_random_seed_905_from_first_6400_training_pairs
102,728,images/img_728_SR12.1_RMSE0.0417_SSIM0.7319.JPEG,img_728_original.JPEG,deterministic_random_seed_905_from_first_6400_training_pairs
103,733,images/img_733_SR9.0_RMSE0.0258_SSIM0.8521.JPEG,img_733_original.JPEG,deterministic_random_seed_905_from_first_6400_training_pairs
104,742,images/img_742_SR11.4_RMSE0.0327_SSIM0.8437.JPEG,img_742_original.JPEG,deterministic_random_seed_905_from_first_6400_training_pairs
105,743,images/img_743_SR10.8_RMSE0.0952_SSIM0.6356.JPEG,img_743_original.JPEG,deterministic_random_seed_905_from_first_6400_training_pairs
106,750,images/img_750_SR9.8_RMSE0.0419_SSIM0.7951.JPEG,img_750_original.JPEG,deterministic_random_seed_905_from_first_6400_training_pairs
107,762,images/img_762_SR10.7_RMSE0.0645_SSIM0.7262.JPEG,img_762_original.JPEG,deterministic_random_seed_905_from_first_6400_training_pairs
108,763,images/img_763_SR8.7_RMSE0.0400_SSIM0.8086.JPEG,img_763_original.JPEG,deterministic_random_seed_905_from_first_6400_training_pairs
109,771,images/img_771_SR8.4_RMSE0.0264_SSIM0.8626.JPEG,img_771_original.JPEG,deterministic_random_seed_905_from_first_6400_training_pairs
110,775,images/img_775_SR10.4_RMSE0.0609_SSIM0.6669.JPEG,img_775_original.JPEG,deterministic_random_seed_905_from_first_6400_training_pairs
111,778,images/img_778_SR10.1_RMSE0.0894_SSIM0.6533.JPEG,img_778_original.JPEG,deterministic_random_seed_905_from_first_6400_training_pairs
112,782,images/img_782_SR9.6_RMSE0.0537_SSIM0.7327.JPEG,img_782_original.JPEG,deterministic_random_seed_905_from_first_6400_training_pairs
113,786,images/img_786_SR11.0_RMSE0.0364_SSIM0.8515.JPEG,img_786_original.JPEG,deterministic_random_seed_905_from_first_6400_training_pairs
114,805,images/img_805_SR10.2_RMSE0.0462_SSIM0.8224.JPEG,img_805_original.JPEG,deterministic_random_seed_905_from_first_6400_training_pairs
115,809,images/img_809_SR11.5_RMSE0.0449_SSIM0.7931.JPEG,img_809_original.JPEG,deterministic_random_seed_905_from_first_6400_training_pairs
116,830,images/img_830_SR8.7_RMSE0.0350_SSIM0.8859.JPEG,img_830_original.JPEG,deterministic_random_seed_905_from_first_6400_training_pairs
117,842,images/img_842_SR8.9_RMSE0.0600_SSIM0.7262.JPEG,img_842_original.JPEG,deterministic_random_seed_905_from_first_6400_training_pairs
118,847,images/img_847_SR11.2_RMSE0.0345_SSIM0.8197.JPEG,img_847_original.JPEG,deterministic_random_seed_905_from_first_6400_training_pairs
119,848,images/img_848_SR12.6_RMSE0.0871_SSIM0.6811.JPEG,img_848_original.JPEG,deterministic_random_seed_905_from_first_6400_training_pairs
120,871,images/img_871_SR11.3_RMSE0.0606_SSIM0.6627.JPEG,img_871_original.JPEG,deterministic_random_seed_905_from_first_6400_training_pairs
121,873,images/img_873_SR10.2_RMSE0.0587_SSIM0.7427.JPEG,img_873_original.JPEG,deterministic_random_seed_905_from_first_6400_training_pairs
122,878,images/img_878_SR10.1_RMSE0.0555_SSIM0.8001.JPEG,img_878_original.JPEG,deterministic_random_seed_905_from_first_6400_training_pairs
123,880,images/img_880_SR12.8_RMSE0.0432_SSIM0.8501.JPEG,img_880_original.JPEG,deterministic_random_seed_905_from_first_6400_training_pairs
124,890,images/img_890_SR11.1_RMSE0.0540_SSIM0.6877.JPEG,img_890_original.JPEG,deterministic_random_seed_905_from_first_6400_training_pairs
125,892,images/img_892_SR9.4_RMSE0.0563_SSIM0.7126.JPEG,img_892_original.JPEG,deterministic_random_seed_905_from_first_6400_training_pairs
126,903,images/img_903_SR11.3_RMSE0.0648_SSIM0.7042.JPEG,img_903_original.JPEG,deterministic_random_seed_905_from_first_6400_training_pairs
127,906,images/img_906_SR10.8_RMSE0.0342_SSIM0.8081.JPEG,img_906_original.JPEG,deterministic_random_seed_905_from_first_6400_training_pairs
128,910,images/img_910_SR9.9_RMSE0.0375_SSIM0.8551.JPEG,img_910_original.JPEG,deterministic_random_seed_905_from_first_6400_training_pairs
129,913,images/img_913_SR9.7_RMSE0.0476_SSIM0.7892.JPEG,img_913_original.JPEG,deterministic_random_seed_905_from_first_6400_training_pairs
130,929,images/img_929_SR12.7_RMSE0.0808_SSIM0.6332.JPEG,img_929_original.JPEG,deterministic_random_seed_905_from_first_6400_training_pairs
131,939,images/img_939_SR9.7_RMSE0.0154_SSIM0.9055.JPEG,img_939_original.JPEG,deterministic_random_seed_905_from_first_6400_training_pairs
132,953,images/img_953_SR9.9_RMSE0.0567_SSIM0.7449.JPEG,img_953_original.JPEG,deterministic_random_seed_905_from_first_6400_training_pairs
133,961,images/img_961_SR9.9_RMSE0.0682_SSIM0.7491.JPEG,img_961_original.JPEG,deterministic_random_seed_905_from_first_6400_training_pairs
134,966,images/img_966_SR8.4_RMSE0.0388_SSIM0.7705.JPEG,img_966_original.JPEG,deterministic_random_seed_905_from_first_6400_training_pairs
135,975,images/img_975_SR10.2_RMSE0.0312_SSIM0.7911.JPEG,img_975_original.JPEG,deterministic_random_seed_905_from_first_6400_training_pairs
136,981,images/img_981_SR9.1_RMSE0.0224_SSIM0.8515.JPEG,img_981_original.JPEG,deterministic_random_seed_905_from_first_6400_training_pairs
137,1008,images/img_1008_SR10.1_RMSE0.0524_SSIM0.7675.JPEG,img_1008_original.JPEG,deterministic_random_seed_905_from_first_6400_training_pairs
138,1009,images/img_1009_SR11.1_RMSE0.0334_SSIM0.8198.JPEG,img_1009_original.JPEG,deterministic_random_seed_905_from_first_6400_training_pairs
139,1027,images/img_1027_SR9.7_RMSE0.0505_SSIM0.7537.JPEG,img_1027_original.JPEG,deterministic_random_seed_905_from_first_6400_training_pairs
140,1035,images/img_1035_SR8.2_RMSE0.0410_SSIM0.7918.JPEG,img_1035_original.JPEG,deterministic_random_seed_905_from_first_6400_training_pairs
141,1036,images/img_1036_SR11.3_RMSE0.0517_SSIM0.7151.JPEG,img_1036_original.JPEG,deterministic_random_seed_905_from_first_6400_training_pairs
142,1046,images/img_1046_SR13.7_RMSE0.0827_SSIM0.6658.JPEG,img_1046_original.JPEG,deterministic_random_seed_905_from_first_6400_training_pairs
143,1047,images/img_1047_SR11.3_RMSE0.0456_SSIM0.7665.JPEG,img_1047_original.JPEG,deterministic_random_seed_905_from_first_6400_training_pairs
144,1056,images/img_1056_SR11.1_RMSE0.0723_SSIM0.6111.JPEG,img_1056_original.JPEG,deterministic_random_seed_905_from_first_6400_training_pairs
145,1066,images/img_1066_SR9.5_RMSE0.0666_SSIM0.6408.JPEG,img_1066_original.JPEG,deterministic_random_seed_905_from_first_6400_training_pairs
146,1070,images/img_1070_SR10.3_RMSE0.0218_SSIM0.9166.JPEG,img_1070_original.JPEG,deterministic_random_seed_905_from_first_6400_training_pairs
147,1072,images/img_1072_SR8.0_RMSE0.0243_SSIM0.8756.JPEG,img_1072_original.JPEG,deterministic_random_seed_905_from_first_6400_training_pairs
148,1084,images/img_1084_SR11.9_RMSE0.0644_SSIM0.7493.JPEG,img_1084_original.JPEG,deterministic_random_seed_905_from_first_6400_training_pairs
149,1090,images/img_1090_SR9.1_RMSE0.0394_SSIM0.7500.JPEG,img_1090_original.JPEG,deterministic_random_seed_905_from_first_6400_training_pairs
150,1092,images/img_1092_SR12.1_RMSE0.0958_SSIM0.6501.JPEG,img_1092_original.JPEG,deterministic_random_seed_905_from_first_6400_training_pairs
151,1104,images/img_1104_SR10.3_RMSE0.0214_SSIM0.9103.JPEG,img_1104_original.JPEG,deterministic_random_seed_905_from_first_6400_training_pairs
152,1126,images/img_1126_SR13.0_RMSE0.1099_SSIM0.5470.JPEG,img_1126_original.JPEG,deterministic_random_seed_905_from_first_6400_training_pairs
153,1129,images/img_1129_SR11.0_RMSE0.0619_SSIM0.6441.JPEG,img_1129_original.JPEG,deterministic_random_seed_905_from_first_6400_training_pairs
154,1135,images/img_1135_SR10.9_RMSE0.0602_SSIM0.7282.JPEG,img_1135_original.JPEG,deterministic_random_seed_905_from_first_6400_training_pairs
155,1139,images/img_1139_SR7.9_RMSE0.0208_SSIM0.9181.JPEG,img_1139_original.JPEG,deterministic_random_seed_905_from_first_6400_training_pairs
156,1152,images/img_1152_SR8.1_RMSE0.0249_SSIM0.8922.JPEG,img_1152_original.JPEG,deterministic_random_seed_905_from_first_6400_training_pairs
157,1174,images/img_1174_SR9.7_RMSE0.0367_SSIM0.7793.JPEG,img_1174_original.JPEG,deterministic_random_seed_905_from_first_6400_training_pairs
158,1175,images/img_1175_SR9.3_RMSE0.0219_SSIM0.9078.JPEG,img_1175_original.JPEG,deterministic_random_seed_905_from_first_6400_training_pairs
159,1191,images/img_1191_SR12.5_RMSE0.0297_SSIM0.8411.JPEG,img_1191_original.JPEG,deterministic_random_seed_905_from_first_6400_training_pairs
160,1195,images/img_1195_SR10.1_RMSE0.0428_SSIM0.7831.JPEG,img_1195_original.JPEG,deterministic_random_seed_905_from_first_6400_training_pairs
161,1204,images/img_1204_SR10.2_RMSE0.0449_SSIM0.8333.JPEG,img_1204_original.JPEG,deterministic_random_seed_905_from_first_6400_training_pairs
162,1210,images/img_1210_SR9.9_RMSE0.0362_SSIM0.7718.JPEG,img_1210_original.JPEG,deterministic_random_seed_905_from_first_6400_training_pairs
163,1213,images/img_1213_SR9.7_RMSE0.0465_SSIM0.7565.JPEG,img_1213_original.JPEG,deterministic_random_seed_905_from_first_6400_training_pairs
164,1216,images/img_1216_SR10.6_RMSE0.0530_SSIM0.6190.JPEG,img_1216_original.JPEG,deterministic_random_seed_905_from_first_6400_training_pairs
165,1218,images/img_1218_SR9.0_RMSE0.0388_SSIM0.8251.JPEG,img_1218_original.JPEG,deterministic_random_seed_905_from_first_6400_training_pairs
166,1231,images/img_1231_SR10.6_RMSE0.0500_SSIM0.6790.JPEG,img_1231_original.JPEG,deterministic_random_seed_905_from_first_6400_training_pairs
167,1241,images/img_1241_SR12.7_RMSE0.0966_SSIM0.6492.JPEG,img_1241_original.JPEG,deterministic_random_seed_905_from_first_6400_training_pairs
168,1252,images/img_1252_SR12.6_RMSE0.0565_SSIM0.7422.JPEG,img_1252_original.JPEG,deterministic_random_seed_905_from_first_6400_training_pairs
169,1255,images/img_1255_SR9.7_RMSE0.0506_SSIM0.7618.JPEG,img_1255_original.JPEG,deterministic_random_seed_905_from_first_6400_training_pairs
170,1267,images/img_1267_SR9.4_RMSE0.0138_SSIM0.9397.JPEG,img_1267_original.JPEG,deterministic_random_seed_905_from_first_6400_training_pairs
171,1289,images/img_1289_SR9.4_RMSE0.0664_SSIM0.7692.JPEG,img_1289_original.JPEG,deterministic_random_seed_905_from_first_6400_training_pairs
172,1308,images/img_1308_SR11.8_RMSE0.0607_SSIM0.6948.JPEG,img_1308_original.JPEG,deterministic_random_seed_905_from_first_6400_training_pairs
173,1318,images/img_1318_SR11.6_RMSE0.0704_SSIM0.6277.JPEG,img_1318_original.JPEG,deterministic_random_seed_905_from_first_6400_training_pairs
174,1332,images/img_1332_SR11.7_RMSE0.0490_SSIM0.7588.JPEG,img_1332_original.JPEG,deterministic_random_seed_905_from_first_6400_training_pairs
175,1341,images/img_1341_SR10.4_RMSE0.0614_SSIM0.6750.JPEG,img_1341_original.JPEG,deterministic_random_seed_905_from_first_6400_training_pairs
176,1346,images/img_1346_SR9.8_RMSE0.0697_SSIM0.6279.JPEG,img_1346_original.JPEG,deterministic_random_seed_905_from_first_6400_training_pairs
177,1350,images/img_1350_SR8.3_RMSE0.0450_SSIM0.7756.JPEG,img_1350_original.JPEG,deterministic_random_seed_905_from_first_6400_training_pairs
178,1359,images/img_1359_SR11.5_RMSE0.0651_SSIM0.6782.JPEG,img_1359_original.JPEG,deterministic_random_seed_905_from_first_6400_training_pairs
179,1361,images/img_1361_SR12.7_RMSE0.0431_SSIM0.7835.JPEG,img_1361_original.JPEG,deterministic_random_seed_905_from_first_6400_training_pairs
180,1382,images/img_1382_SR10.1_RMSE0.0388_SSIM0.8008.JPEG,img_1382_original.JPEG,deterministic_random_seed_905_from_first_6400_training_pairs
181,1388,images/img_1388_SR10.2_RMSE0.0329_SSIM0.7769.JPEG,img_1388_original.JPEG,deterministic_random_seed_905_from_first_6400_training_pairs
182,1397,images/img_1397_SR10.0_RMSE0.0358_SSIM0.7667.JPEG,img_1397_original.JPEG,deterministic_random_seed_905_from_first_6400_training_pairs
183,1399,images/img_1399_SR9.1_RMSE0.0210_SSIM0.8674.JPEG,img_1399_original.JPEG,deterministic_random_seed_905_from_first_6400_training_pairs
184,1404,images/img_1404_SR8.9_RMSE0.1135_SSIM0.6241.JPEG,img_1404_original.JPEG,deterministic_random_seed_905_from_first_6400_training_pairs
185,1406,images/img_1406_SR9.6_RMSE0.0391_SSIM0.8144.JPEG,img_1406_original.JPEG,deterministic_random_seed_905_from_first_6400_training_pairs
186,1421,images/img_1421_SR10.4_RMSE0.0429_SSIM0.7429.JPEG,img_1421_original.JPEG,deterministic_random_seed_905_from_first_6400_training_pairs
187,1429,images/img_1429_SR11.3_RMSE0.0396_SSIM0.7963.JPEG,img_1429_original.JPEG,deterministic_random_seed_905_from_first_6400_training_pairs
188,1442,images/img_1442_SR9.2_RMSE0.0571_SSIM0.7211.JPEG,img_1442_original.JPEG,deterministic_random_seed_905_from_first_6400_training_pairs
189,1444,images/img_1444_SR8.3_RMSE0.0299_SSIM0.9182.JPEG,img_1444_original.JPEG,deterministic_random_seed_905_from_first_6400_training_pairs
190,1449,images/img_1449_SR11.9_RMSE0.0351_SSIM0.7891.JPEG,img_1449_original.JPEG,deterministic_random_seed_905_from_first_6400_training_pairs
191,1452,images/img_1452_SR10.4_RMSE0.0358_SSIM0.7779.JPEG,img_1452_original.JPEG,deterministic_random_seed_905_from_first_6400_training_pairs
192,1464,images/img_1464_SR9.4_RMSE0.0279_SSIM0.8582.JPEG,img_1464_original.JPEG,deterministic_random_seed_905_from_first_6400_training_pairs
193,1465,images/img_1465_SR11.0_RMSE0.0487_SSIM0.6717.JPEG,img_1465_original.JPEG,deterministic_random_seed_905_from_first_6400_training_pairs
194,1470,images/img_1470_SR11.0_RMSE0.0532_SSIM0.7383.JPEG,img_1470_original.JPEG,deterministic_random_seed_905_from_first_6400_training_pairs
195,1491,images/img_1491_SR10.2_RMSE0.0369_SSIM0.8014.JPEG,img_1491_original.JPEG,deterministic_random_seed_905_from_first_6400_training_pairs
196,1495,images/img_1495_SR9.7_RMSE0.0485_SSIM0.7734.JPEG,img_1495_original.JPEG,deterministic_random_seed_905_from_first_6400_training_pairs
197,1501,images/img_1501_SR10.0_RMSE0.0473_SSIM0.8287.JPEG,img_1501_original.JPEG,deterministic_random_seed_905_from_first_6400_training_pairs
198,1514,images/img_1514_SR9.8_RMSE0.0652_SSIM0.7182.JPEG,img_1514_original.JPEG,deterministic_random_seed_905_from_first_6400_training_pairs
199,1526,images/img_1526_SR11.8_RMSE0.0506_SSIM0.7565.JPEG,img_1526_original.JPEG,deterministic_random_seed_905_from_first_6400_training_pairs
200,1527,images/img_1527_SR10.9_RMSE0.0294_SSIM0.8039.JPEG,img_1527_original.JPEG,deterministic_random_seed_905_from_first_6400_training_pairs
201,1532,images/img_1532_SR9.2_RMSE0.0577_SSIM0.7518.JPEG,img_1532_original.JPEG,deterministic_random_seed_905_from_first_6400_training_pairs
202,1534,images/img_1534_SR10.0_RMSE0.0668_SSIM0.6710.JPEG,img_1534_original.JPEG,deterministic_random_seed_905_from_first_6400_training_pairs
203,1552,images/img_1552_SR10.3_RMSE0.0560_SSIM0.6986.JPEG,img_1552_original.JPEG,deterministic_random_seed_905_from_first_6400_training_pairs
204,1590,images/img_1590_SR13.3_RMSE0.0560_SSIM0.6312.JPEG,img_1590_original.JPEG,deterministic_random_seed_905_from_first_6400_training_pairs
205,1593,images/img_1593_SR10.7_RMSE0.0756_SSIM0.6153.JPEG,img_1593_original.JPEG,deterministic_random_seed_905_from_first_6400_training_pairs
206,1594,images/img_1594_SR8.3_RMSE0.0625_SSIM0.6937.JPEG,img_1594_original.JPEG,deterministic_random_seed_905_from_first_6400_training_pairs
207,1595,images/img_1595_SR11.0_RMSE0.0417_SSIM0.7764.JPEG,img_1595_original.JPEG,deterministic_random_seed_905_from_first_6400_training_pairs
208,1606,images/img_1606_SR9.8_RMSE0.0325_SSIM0.8239.JPEG,img_1606_original.JPEG,deterministic_random_seed_905_from_first_6400_training_pairs
209,1635,images/img_1635_SR8.3_RMSE0.0225_SSIM0.8716.JPEG,img_1635_original.JPEG,deterministic_random_seed_905_from_first_6400_training_pairs
210,1636,images/img_1636_SR10.5_RMSE0.0435_SSIM0.8228.JPEG,img_1636_original.JPEG,deterministic_random_seed_905_from_first_6400_training_pairs
211,1641,images/img_1641_SR10.5_RMSE0.0475_SSIM0.6564.JPEG,img_1641_original.JPEG,deterministic_random_seed_905_from_first_6400_training_pairs
212,1646,images/img_1646_SR10.9_RMSE0.0652_SSIM0.7304.JPEG,img_1646_original.JPEG,deterministic_random_seed_905_from_first_6400_training_pairs
213,1669,images/img_1669_SR9.7_RMSE0.0578_SSIM0.8056.JPEG,img_1669_original.JPEG,deterministic_random_seed_905_from_first_6400_training_pairs
214,1688,images/img_1688_SR11.4_RMSE0.0357_SSIM0.7920.JPEG,img_1688_original.JPEG,deterministic_random_seed_905_from_first_6400_training_pairs
215,1690,images/img_1690_SR10.9_RMSE0.0706_SSIM0.5688.JPEG,img_1690_original.JPEG,deterministic_random_seed_905_from_first_6400_training_pairs
216,1696,images/img_1696_SR12.0_RMSE0.0184_SSIM0.8975.JPEG,img_1696_original.JPEG,deterministic_random_seed_905_from_first_6400_training_pairs
217,1709,images/img_1709_SR11.9_RMSE0.0550_SSIM0.7389.JPEG,img_1709_original.JPEG,deterministic_random_seed_905_from_first_6400_training_pairs
218,1714,images/img_1714_SR9.5_RMSE0.0176_SSIM0.9005.JPEG,img_1714_original.JPEG,deterministic_random_seed_905_from_first_6400_training_pairs
219,1727,images/img_1727_SR9.1_RMSE0.0678_SSIM0.6962.JPEG,img_1727_original.JPEG,deterministic_random_seed_905_from_first_6400_training_pairs
220,1732,images/img_1732_SR14.3_RMSE0.0366_SSIM0.8457.JPEG,img_1732_original.JPEG,deterministic_random_seed_905_from_first_6400_training_pairs
221,1734,images/img_1734_SR11.9_RMSE0.0509_SSIM0.7388.JPEG,img_1734_original.JPEG,deterministic_random_seed_905_from_first_6400_training_pairs
222,1746,images/img_1746_SR9.0_RMSE0.0294_SSIM0.8639.JPEG,img_1746_original.JPEG,deterministic_random_seed_905_from_first_6400_training_pairs
223,1753,images/img_1753_SR11.4_RMSE0.0419_SSIM0.8483.JPEG,img_1753_original.JPEG,deterministic_random_seed_905_from_first_6400_training_pairs
224,1757,images/img_1757_SR9.3_RMSE0.0407_SSIM0.7737.JPEG,img_1757_original.JPEG,deterministic_random_seed_905_from_first_6400_training_pairs
225,1758,images/img_1758_SR9.3_RMSE0.0302_SSIM0.8321.JPEG,img_1758_original.JPEG,deterministic_random_seed_905_from_first_6400_training_pairs
226,1767,images/img_1767_SR10.0_RMSE0.1023_SSIM0.3963.JPEG,img_1767_original.JPEG,deterministic_random_seed_905_from_first_6400_training_pairs
227,1772,images/img_1772_SR10.5_RMSE0.0366_SSIM0.6870.JPEG,img_1772_original.JPEG,deterministic_random_seed_905_from_first_6400_training_pairs
228,1773,images/img_1773_SR10.3_RMSE0.0683_SSIM0.6970.JPEG,img_1773_original.JPEG,deterministic_random_seed_905_from_first_6400_training_pairs
229,1776,images/img_1776_SR10.5_RMSE0.0836_SSIM0.6253.JPEG,img_1776_original.JPEG,deterministic_random_seed_905_from_first_6400_training_pairs
230,1782,images/img_1782_SR10.1_RMSE0.0262_SSIM0.8564.JPEG,img_1782_original.JPEG,deterministic_random_seed_905_from_first_6400_training_pairs
231,1784,images/img_1784_SR8.1_RMSE0.0397_SSIM0.8447.JPEG,img_1784_original.JPEG,deterministic_random_seed_905_from_first_6400_training_pairs
232,1789,images/img_1789_SR10.5_RMSE0.0185_SSIM0.9046.JPEG,img_1789_original.JPEG,deterministic_random_seed_905_from_first_6400_training_pairs
233,1792,images/img_1792_SR8.6_RMSE0.0764_SSIM0.7175.JPEG,img_1792_original.JPEG,deterministic_random_seed_905_from_first_6400_training_pairs
234,1805,images/img_1805_SR10.3_RMSE0.0670_SSIM0.7542.JPEG,img_1805_original.JPEG,deterministic_random_seed_905_from_first_6400_training_pairs
235,1826,images/img_1826_SR9.6_RMSE0.0340_SSIM0.8377.JPEG,img_1826_original.JPEG,deterministic_random_seed_905_from_first_6400_training_pairs
236,1830,images/img_1830_SR13.3_RMSE0.0581_SSIM0.7480.JPEG,img_1830_original.JPEG,deterministic_random_seed_905_from_first_6400_training_pairs
237,1844,images/img_1844_SR10.3_RMSE0.0459_SSIM0.7685.JPEG,img_1844_original.JPEG,deterministic_random_seed_905_from_first_6400_training_pairs
238,1847,images/img_1847_SR9.4_RMSE0.0235_SSIM0.8957.JPEG,img_1847_original.JPEG,deterministic_random_seed_905_from_first_6400_training_pairs
239,1854,images/img_1854_SR11.5_RMSE0.0650_SSIM0.7001.JPEG,img_1854_original.JPEG,deterministic_random_seed_905_from_first_6400_training_pairs
240,1857,images/img_1857_SR10.1_RMSE0.0698_SSIM0.6884.JPEG,img_1857_original.JPEG,deterministic_random_seed_905_from_first_6400_training_pairs
241,1859,images/img_1859_SR11.4_RMSE0.0769_SSIM0.6825.JPEG,img_1859_original.JPEG,deterministic_random_seed_905_from_first_6400_training_pairs
242,1904,images/img_1904_SR10.1_RMSE0.0510_SSIM0.7216.JPEG,img_1904_original.JPEG,deterministic_random_seed_905_from_first_6400_training_pairs
243,1905,images/img_1905_SR8.3_RMSE0.0246_SSIM0.8656.JPEG,img_1905_original.JPEG,deterministic_random_seed_905_from_first_6400_training_pairs
244,1907,images/img_1907_SR9.6_RMSE0.0403_SSIM0.8483.JPEG,img_1907_original.JPEG,deterministic_random_seed_905_from_first_6400_training_pairs
245,1910,images/img_1910_SR10.1_RMSE0.0655_SSIM0.6161.JPEG,img_1910_original.JPEG,deterministic_random_seed_905_from_first_6400_training_pairs
246,1915,images/img_1915_SR9.7_RMSE0.0168_SSIM0.9126.JPEG,img_1915_original.JPEG,deterministic_random_seed_905_from_first_6400_training_pairs
247,1926,images/img_1926_SR10.2_RMSE0.0787_SSIM0.6865.JPEG,img_1926_original.JPEG,deterministic_random_seed_905_from_first_6400_training_pairs
248,1928,images/img_1928_SR10.7_RMSE0.0532_SSIM0.7450.JPEG,img_1928_original.JPEG,deterministic_random_seed_905_from_first_6400_training_pairs
249,1934,images/img_1934_SR10.0_RMSE0.0514_SSIM0.7496.JPEG,img_1934_original.JPEG,deterministic_random_seed_905_from_first_6400_training_pairs
250,1943,images/img_1943_SR11.0_RMSE0.0585_SSIM0.7732.JPEG,img_1943_original.JPEG,deterministic_random_seed_905_from_first_6400_training_pairs
251,1955,images/img_1955_SR9.7_RMSE0.0276_SSIM0.8482.JPEG,img_1955_original.JPEG,deterministic_random_seed_905_from_first_6400_training_pairs
252,1967,images/img_1967_SR10.0_RMSE0.0157_SSIM0.8818.JPEG,img_1967_original.JPEG,deterministic_random_seed_905_from_first_6400_training_pairs
253,1973,images/img_1973_SR10.6_RMSE0.0320_SSIM0.8280.JPEG,img_1973_original.JPEG,deterministic_random_seed_905_from_first_6400_training_pairs
254,1983,images/img_1983_SR10.3_RMSE0.0433_SSIM0.7169.JPEG,img_1983_original.JPEG,deterministic_random_seed_905_from_first_6400_training_pairs
255,1987,images/img_1987_SR11.1_RMSE0.0633_SSIM0.6738.JPEG,img_1987_original.JPEG,deterministic_random_seed_905_from_first_6400_training_pairs
256,2004,images/img_2004_SR12.3_RMSE0.0511_SSIM0.7741.JPEG,img_2004_original.JPEG,deterministic_random_seed_905_from_first_6400_training_pairs
257,2009,images/img_2009_SR7.2_RMSE0.0435_SSIM0.7880.JPEG,img_2009_original.JPEG,deterministic_random_seed_905_from_first_6400_training_pairs
258,2037,images/img_2037_SR9.1_RMSE0.0489_SSIM0.8422.JPEG,img_2037_original.JPEG,deterministic_random_seed_905_from_first_6400_training_pairs
259,2038,images/img_2038_SR8.7_RMSE0.0398_SSIM0.8225.JPEG,img_2038_original.JPEG,deterministic_random_seed_905_from_first_6400_training_pairs
260,2047,images/img_2047_SR9.0_RMSE0.0600_SSIM0.7659.JPEG,img_2047_original.JPEG,deterministic_random_seed_905_from_first_6400_training_pairs
261,2049,images/img_2049_SR9.5_RMSE0.0385_SSIM0.8016.JPEG,img_2049_original.JPEG,deterministic_random_seed_905_from_first_6400_training_pairs
262,2062,images/img_2062_SR9.2_RMSE0.0466_SSIM0.7705.JPEG,img_2062_original.JPEG,deterministic_random_seed_905_from_first_6400_training_pairs
263,2078,images/img_2078_SR10.6_RMSE0.0270_SSIM0.9011.JPEG,img_2078_original.JPEG,deterministic_random_seed_905_from_first_6400_training_pairs
264,2083,images/img_2083_SR11.3_RMSE0.0477_SSIM0.6093.JPEG,img_2083_original.JPEG,deterministic_random_seed_905_from_first_6400_training_pairs
265,2086,images/img_2086_SR8.6_RMSE0.0233_SSIM0.8426.JPEG,img_2086_original.JPEG,deterministic_random_seed_905_from_first_6400_training_pairs
266,2096,images/img_2096_SR12.5_RMSE0.0608_SSIM0.7545.JPEG,img_2096_original.JPEG,deterministic_random_seed_905_from_first_6400_training_pairs
267,2105,images/img_2105_SR11.0_RMSE0.0482_SSIM0.7303.JPEG,img_2105_original.JPEG,deterministic_random_seed_905_from_first_6400_training_pairs
268,2125,images/img_2125_SR8.2_RMSE0.0537_SSIM0.7702.JPEG,img_2125_original.JPEG,deterministic_random_seed_905_from_first_6400_training_pairs
269,2150,images/img_2150_SR9.9_RMSE0.0734_SSIM0.7437.JPEG,img_2150_original.JPEG,deterministic_random_seed_905_from_first_6400_training_pairs
270,2177,images/img_2177_SR9.8_RMSE0.0371_SSIM0.8256.JPEG,img_2177_original.JPEG,deterministic_random_seed_905_from_first_6400_training_pairs
271,2178,images/img_2178_SR8.7_RMSE0.0546_SSIM0.7741.JPEG,img_2178_original.JPEG,deterministic_random_seed_905_from_first_6400_training_pairs
272,2191,images/img_2191_SR9.7_RMSE0.0343_SSIM0.8278.JPEG,img_2191_original.JPEG,deterministic_random_seed_905_from_first_6400_training_pairs
273,2204,images/img_2204_SR9.0_RMSE0.0667_SSIM0.6633.JPEG,img_2204_original.JPEG,deterministic_random_seed_905_from_first_6400_training_pairs
274,2221,images/img_2221_SR11.7_RMSE0.0535_SSIM0.7518.JPEG,img_2221_original.JPEG,deterministic_random_seed_905_from_first_6400_training_pairs
275,2234,images/img_2234_SR10.6_RMSE0.0448_SSIM0.7585.JPEG,img_2234_original.JPEG,deterministic_random_seed_905_from_first_6400_training_pairs
276,2235,images/img_2235_SR9.5_RMSE0.0242_SSIM0.8797.JPEG,img_2235_original.JPEG,deterministic_random_seed_905_from_first_6400_training_pairs
277,2237,images/img_2237_SR11.7_RMSE0.0233_SSIM0.9140.JPEG,img_2237_original.JPEG,deterministic_random_seed_905_from_first_6400_training_pairs
278,2238,images/img_2238_SR11.1_RMSE0.0446_SSIM0.7572.JPEG,img_2238_original.JPEG,deterministic_random_seed_905_from_first_6400_training_pairs
279,2254,images/img_2254_SR9.1_RMSE0.0404_SSIM0.7751.JPEG,img_2254_original.JPEG,deterministic_random_seed_905_from_first_6400_training_pairs
280,2302,images/img_2302_SR10.7_RMSE0.0504_SSIM0.7088.JPEG,img_2302_original.JPEG,deterministic_random_seed_905_from_first_6400_training_pairs
281,2307,images/img_2307_SR10.6_RMSE0.0438_SSIM0.7393.JPEG,img_2307_original.JPEG,deterministic_random_seed_905_from_first_6400_training_pairs
282,2309,images/img_2309_SR10.6_RMSE0.0362_SSIM0.8192.JPEG,img_2309_original.JPEG,deterministic_random_seed_905_from_first_6400_training_pairs
283,2310,images/img_2310_SR9.9_RMSE0.0252_SSIM0.8744.JPEG,img_2310_original.JPEG,deterministic_random_seed_905_from_first_6400_training_pairs
284,2311,images/img_2311_SR11.1_RMSE0.0817_SSIM0.4832.JPEG,img_2311_original.JPEG,deterministic_random_seed_905_from_first_6400_training_pairs
285,2319,images/img_2319_SR10.6_RMSE0.0534_SSIM0.7341.JPEG,img_2319_original.JPEG,deterministic_random_seed_905_from_first_6400_training_pairs
286,2342,images/img_2342_SR9.2_RMSE0.0308_SSIM0.8850.JPEG,img_2342_original.JPEG,deterministic_random_seed_905_from_first_6400_training_pairs
287,2351,images/img_2351_SR8.8_RMSE0.0355_SSIM0.8622.JPEG,img_2351_original.JPEG,deterministic_random_seed_905_from_first_6400_training_pairs
288,2365,images/img_2365_SR9.0_RMSE0.0746_SSIM0.6312.JPEG,img_2365_original.JPEG,deterministic_random_seed_905_from_first_6400_training_pairs
289,2372,images/img_2372_SR11.3_RMSE0.0481_SSIM0.7567.JPEG,img_2372_original.JPEG,deterministic_random_seed_905_from_first_6400_training_pairs
290,2377,images/img_2377_SR9.1_RMSE0.0567_SSIM0.6559.JPEG,img_2377_original.JPEG,deterministic_random_seed_905_from_first_6400_training_pairs
291,2380,images/img_2380_SR11.4_RMSE0.0444_SSIM0.7968.JPEG,img_2380_original.JPEG,deterministic_random_seed_905_from_first_6400_training_pairs
292,2383,images/img_2383_SR10.4_RMSE0.0299_SSIM0.8263.JPEG,img_2383_original.JPEG,deterministic_random_seed_905_from_first_6400_training_pairs
293,2389,images/img_2389_SR8.3_RMSE0.0556_SSIM0.7653.JPEG,img_2389_original.JPEG,deterministic_random_seed_905_from_first_6400_training_pairs
294,2394,images/img_2394_SR9.4_RMSE0.0410_SSIM0.6856.JPEG,img_2394_original.JPEG,deterministic_random_seed_905_from_first_6400_training_pairs
295,2401,images/img_2401_SR10.5_RMSE0.0452_SSIM0.7417.JPEG,img_2401_original.JPEG,deterministic_random_seed_905_from_first_6400_training_pairs
296,2405,images/img_2405_SR10.4_RMSE0.0493_SSIM0.6773.JPEG,img_2405_original.JPEG,deterministic_random_seed_905_from_first_6400_training_pairs
297,2433,images/img_2433_SR9.7_RMSE0.0236_SSIM0.8615.JPEG,img_2433_original.JPEG,deterministic_random_seed_905_from_first_6400_training_pairs
298,2438,images/img_2438_SR9.1_RMSE0.0364_SSIM0.8091.JPEG,img_2438_original.JPEG,deterministic_random_seed_905_from_first_6400_training_pairs
299,2462,images/img_2462_SR9.9_RMSE0.0431_SSIM0.7960.JPEG,img_2462_original.JPEG,deterministic_random_seed_905_from_first_6400_training_pairs
300,2464,images/img_2464_SR10.1_RMSE0.0450_SSIM0.7739.JPEG,img_2464_original.JPEG,deterministic_random_seed_905_from_first_6400_training_pairs
301,2469,images/img_2469_SR9.0_RMSE0.0294_SSIM0.8913.JPEG,img_2469_original.JPEG,deterministic_random_seed_905_from_first_6400_training_pairs
302,2470,images/img_2470_SR10.8_RMSE0.0469_SSIM0.7234.JPEG,img_2470_original.JPEG,deterministic_random_seed_905_from_first_6400_training_pairs
303,2506,images/img_2506_SR11.4_RMSE0.0349_SSIM0.8266.JPEG,img_2506_original.JPEG,deterministic_random_seed_905_from_first_6400_training_pairs
304,2524,images/img_2524_SR11.4_RMSE0.0461_SSIM0.6873.JPEG,img_2524_original.JPEG,deterministic_random_seed_905_from_first_6400_training_pairs
305,2540,images/img_2540_SR12.3_RMSE0.0498_SSIM0.7697.JPEG,img_2540_original.JPEG,deterministic_random_seed_905_from_first_6400_training_pairs
306,2549,images/img_2549_SR9.3_RMSE0.0280_SSIM0.8557.JPEG,img_2549_original.JPEG,deterministic_random_seed_905_from_first_6400_training_pairs
307,2564,images/img_2564_SR11.6_RMSE0.0747_SSIM0.6127.JPEG,img_2564_original.JPEG,deterministic_random_seed_905_from_first_6400_training_pairs
308,2575,images/img_2575_SR9.4_RMSE0.0418_SSIM0.7929.JPEG,img_2575_original.JPEG,deterministic_random_seed_905_from_first_6400_training_pairs
309,2577,images/img_2577_SR11.2_RMSE0.0428_SSIM0.6921.JPEG,img_2577_original.JPEG,deterministic_random_seed_905_from_first_6400_training_pairs
310,2580,images/img_2580_SR10.6_RMSE0.0344_SSIM0.8215.JPEG,img_2580_original.JPEG,deterministic_random_seed_905_from_first_6400_training_pairs
311,2583,images/img_2583_SR9.5_RMSE0.0232_SSIM0.8682.JPEG,img_2583_original.JPEG,deterministic_random_seed_905_from_first_6400_training_pairs
312,2592,images/img_2592_SR8.0_RMSE0.0306_SSIM0.7903.JPEG,img_2592_original.JPEG,deterministic_random_seed_905_from_first_6400_training_pairs
313,2593,images/img_2593_SR10.5_RMSE0.0553_SSIM0.7206.JPEG,img_2593_original.JPEG,deterministic_random_seed_905_from_first_6400_training_pairs
314,2597,images/img_2597_SR11.9_RMSE0.0538_SSIM0.7732.JPEG,img_2597_original.JPEG,deterministic_random_seed_905_from_first_6400_training_pairs
315,2610,images/img_2610_SR9.4_RMSE0.0474_SSIM0.7881.JPEG,img_2610_original.JPEG,deterministic_random_seed_905_from_first_6400_training_pairs
316,2611,images/img_2611_SR9.7_RMSE0.0391_SSIM0.7991.JPEG,img_2611_original.JPEG,deterministic_random_seed_905_from_first_6400_training_pairs
317,2614,images/img_2614_SR10.3_RMSE0.0416_SSIM0.7934.JPEG,img_2614_original.JPEG,deterministic_random_seed_905_from_first_6400_training_pairs
318,2616,images/img_2616_SR9.5_RMSE0.0495_SSIM0.7018.JPEG,img_2616_original.JPEG,deterministic_random_seed_905_from_first_6400_training_pairs
319,2617,images/img_2617_SR9.0_RMSE0.0268_SSIM0.8669.JPEG,img_2617_original.JPEG,deterministic_random_seed_905_from_first_6400_training_pairs
320,2631,images/img_2631_SR10.2_RMSE0.0324_SSIM0.8571.JPEG,img_2631_original.JPEG,deterministic_random_seed_905_from_first_6400_training_pairs
321,2633,images/img_2633_SR8.7_RMSE0.0427_SSIM0.7538.JPEG,img_2633_original.JPEG,deterministic_random_seed_905_from_first_6400_training_pairs
322,2642,images/img_2642_SR11.1_RMSE0.0312_SSIM0.8195.JPEG,img_2642_original.JPEG,deterministic_random_seed_905_from_first_6400_training_pairs
323,2643,images/img_2643_SR9.3_RMSE0.0460_SSIM0.7676.JPEG,img_2643_original.JPEG,deterministic_random_seed_905_from_first_6400_training_pairs
324,2646,images/img_2646_SR9.5_RMSE0.0599_SSIM0.7095.JPEG,img_2646_original.JPEG,deterministic_random_seed_905_from_first_6400_training_pairs
325,2649,images/img_2649_SR10.5_RMSE0.0735_SSIM0.6192.JPEG,img_2649_original.JPEG,deterministic_random_seed_905_from_first_6400_training_pairs
326,2650,images/img_2650_SR14.0_RMSE0.0361_SSIM0.8701.JPEG,img_2650_original.JPEG,deterministic_random_seed_905_from_first_6400_training_pairs
327,2672,images/img_2672_SR10.6_RMSE0.0369_SSIM0.8707.JPEG,img_2672_original.JPEG,deterministic_random_seed_905_from_first_6400_training_pairs
328,2673,images/img_2673_SR10.4_RMSE0.0250_SSIM0.8314.JPEG,img_2673_original.JPEG,deterministic_random_seed_905_from_first_6400_training_pairs
329,2677,images/img_2677_SR7.4_RMSE0.0371_SSIM0.7990.JPEG,img_2677_original.JPEG,deterministic_random_seed_905_from_first_6400_training_pairs
330,2690,images/img_2690_SR12.1_RMSE0.0389_SSIM0.7982.JPEG,img_2690_original.JPEG,deterministic_random_seed_905_from_first_6400_training_pairs
331,2698,images/img_2698_SR10.4_RMSE0.0530_SSIM0.7613.JPEG,img_2698_original.JPEG,deterministic_random_seed_905_from_first_6400_training_pairs
332,2700,images/img_2700_SR7.9_RMSE0.0563_SSIM0.7854.JPEG,img_2700_original.JPEG,deterministic_random_seed_905_from_first_6400_training_pairs
333,2719,images/img_2719_SR10.8_RMSE0.0707_SSIM0.7037.JPEG,img_2719_original.JPEG,deterministic_random_seed_905_from_first_6400_training_pairs
334,2728,images/img_2728_SR8.0_RMSE0.0596_SSIM0.7669.JPEG,img_2728_original.JPEG,deterministic_random_seed_905_from_first_6400_training_pairs
335,2729,images/img_2729_SR12.9_RMSE0.0819_SSIM0.6050.JPEG,img_2729_original.JPEG,deterministic_random_seed_905_from_first_6400_training_pairs
336,2745,images/img_2745_SR11.0_RMSE0.0343_SSIM0.8288.JPEG,img_2745_original.JPEG,deterministic_random_seed_905_from_first_6400_training_pairs
337,2746,images/img_2746_SR10.6_RMSE0.0318_SSIM0.8579.JPEG,img_2746_original.JPEG,deterministic_random_seed_905_from_first_6400_training_pairs
338,2758,images/img_2758_SR11.7_RMSE0.0774_SSIM0.6848.JPEG,img_2758_original.JPEG,deterministic_random_seed_905_from_first_6400_training_pairs
339,2779,images/img_2779_SR10.6_RMSE0.0355_SSIM0.8288.JPEG,img_2779_original.JPEG,deterministic_random_seed_905_from_first_6400_training_pairs
340,2780,images/img_2780_SR11.5_RMSE0.0765_SSIM0.6552.JPEG,img_2780_original.JPEG,deterministic_random_seed_905_from_first_6400_training_pairs
341,2784,images/img_2784_SR10.3_RMSE0.0359_SSIM0.8356.JPEG,img_2784_original.JPEG,deterministic_random_seed_905_from_first_6400_training_pairs
342,2798,images/img_2798_SR9.9_RMSE0.0311_SSIM0.7489.JPEG,img_2798_original.JPEG,deterministic_random_seed_905_from_first_6400_training_pairs
343,2806,images/img_2806_SR10.0_RMSE0.0365_SSIM0.7500.JPEG,img_2806_original.JPEG,deterministic_random_seed_905_from_first_6400_training_pairs
344,2819,images/img_2819_SR10.5_RMSE0.0402_SSIM0.7697.JPEG,img_2819_original.JPEG,deterministic_random_seed_905_from_first_6400_training_pairs
345,2831,images/img_2831_SR9.5_RMSE0.0447_SSIM0.7352.JPEG,img_2831_original.JPEG,deterministic_random_seed_905_from_first_6400_training_pairs
346,2839,images/img_2839_SR12.3_RMSE0.0537_SSIM0.7900.JPEG,img_2839_original.JPEG,deterministic_random_seed_905_from_first_6400_training_pairs
347,2843,images/img_2843_SR9.2_RMSE0.0382_SSIM0.8565.JPEG,img_2843_original.JPEG,deterministic_random_seed_905_from_first_6400_training_pairs
348,2856,images/img_2856_SR9.9_RMSE0.0446_SSIM0.7846.JPEG,img_2856_original.JPEG,deterministic_random_seed_905_from_first_6400_training_pairs
349,2857,images/img_2857_SR9.7_RMSE0.0444_SSIM0.7990.JPEG,img_2857_original.JPEG,deterministic_random_seed_905_from_first_6400_training_pairs
350,2864,images/img_2864_SR7.9_RMSE0.0211_SSIM0.9300.JPEG,img_2864_original.JPEG,deterministic_random_seed_905_from_first_6400_training_pairs
351,2875,images/img_2875_SR10.2_RMSE0.0239_SSIM0.8993.JPEG,img_2875_original.JPEG,deterministic_random_seed_905_from_first_6400_training_pairs
352,2877,images/img_2877_SR11.1_RMSE0.0526_SSIM0.7846.JPEG,img_2877_original.JPEG,deterministic_random_seed_905_from_first_6400_training_pairs
353,2880,images/img_2880_SR8.7_RMSE0.0232_SSIM0.8851.JPEG,img_2880_original.JPEG,deterministic_random_seed_905_from_first_6400_training_pairs
354,2902,images/img_2902_SR10.5_RMSE0.0517_SSIM0.7202.JPEG,img_2902_original.JPEG,deterministic_random_seed_905_from_first_6400_training_pairs
355,2937,images/img_2937_SR11.4_RMSE0.0588_SSIM0.6553.JPEG,img_2937_original.JPEG,deterministic_random_seed_905_from_first_6400_training_pairs
356,2943,images/img_2943_SR9.8_RMSE0.0335_SSIM0.8301.JPEG,img_2943_original.JPEG,deterministic_random_seed_905_from_first_6400_training_pairs
357,2956,images/img_2956_SR10.9_RMSE0.0212_SSIM0.8907.JPEG,img_2956_original.JPEG,deterministic_random_seed_905_from_first_6400_training_pairs
358,2963,images/img_2963_SR10.6_RMSE0.0242_SSIM0.8737.JPEG,img_2963_original.JPEG,deterministic_random_seed_905_from_first_6400_training_pairs
359,2965,images/img_2965_SR10.3_RMSE0.0232_SSIM0.8413.JPEG,img_2965_original.JPEG,deterministic_random_seed_905_from_first_6400_training_pairs
360,2982,images/img_2982_SR10.5_RMSE0.0724_SSIM0.6688.JPEG,img_2982_original.JPEG,deterministic_random_seed_905_from_first_6400_training_pairs
361,2985,images/img_2985_SR11.4_RMSE0.0363_SSIM0.8143.JPEG,img_2985_original.JPEG,deterministic_random_seed_905_from_first_6400_training_pairs
362,2991,images/img_2991_SR11.9_RMSE0.0591_SSIM0.6982.JPEG,img_2991_original.JPEG,deterministic_random_seed_905_from_first_6400_training_pairs
363,2994,images/img_2994_SR10.0_RMSE0.0627_SSIM0.6988.JPEG,img_2994_original.JPEG,deterministic_random_seed_905_from_first_6400_training_pairs
364,2999,images/img_2999_SR8.4_RMSE0.0797_SSIM0.6327.JPEG,img_2999_original.JPEG,deterministic_random_seed_905_from_first_6400_training_pairs
365,3001,images/img_3001_SR9.5_RMSE0.0345_SSIM0.8322.JPEG,img_3001_original.JPEG,deterministic_random_seed_905_from_first_6400_training_pairs
366,3012,images/img_3012_SR12.6_RMSE0.0411_SSIM0.8679.JPEG,img_3012_original.JPEG,deterministic_random_seed_905_from_first_6400_training_pairs
367,3014,images/img_3014_SR11.1_RMSE0.0813_SSIM0.6282.JPEG,img_3014_original.JPEG,deterministic_random_seed_905_from_first_6400_training_pairs
368,3028,images/img_3028_SR9.1_RMSE0.0554_SSIM0.7573.JPEG,img_3028_original.JPEG,deterministic_random_seed_905_from_first_6400_training_pairs
369,3033,images/img_3033_SR12.2_RMSE0.0936_SSIM0.5070.JPEG,img_3033_original.JPEG,deterministic_random_seed_905_from_first_6400_training_pairs
370,3049,images/img_3049_SR7.9_RMSE0.0398_SSIM0.8447.JPEG,img_3049_original.JPEG,deterministic_random_seed_905_from_first_6400_training_pairs
371,3079,images/img_3079_SR11.0_RMSE0.0611_SSIM0.7209.JPEG,img_3079_original.JPEG,deterministic_random_seed_905_from_first_6400_training_pairs
372,3094,images/img_3094_SR9.0_RMSE0.0364_SSIM0.7964.JPEG,img_3094_original.JPEG,deterministic_random_seed_905_from_first_6400_training_pairs
373,3095,images/img_3095_SR8.4_RMSE0.0315_SSIM0.8850.JPEG,img_3095_original.JPEG,deterministic_random_seed_905_from_first_6400_training_pairs
374,3102,images/img_3102_SR10.1_RMSE0.0284_SSIM0.8933.JPEG,img_3102_original.JPEG,deterministic_random_seed_905_from_first_6400_training_pairs
375,3104,images/img_3104_SR8.9_RMSE0.0260_SSIM0.8320.JPEG,img_3104_original.JPEG,deterministic_random_seed_905_from_first_6400_training_pairs
376,3105,images/img_3105_SR9.8_RMSE0.0563_SSIM0.6588.JPEG,img_3105_original.JPEG,deterministic_random_seed_905_from_first_6400_training_pairs
377,3109,images/img_3109_SR11.5_RMSE0.0338_SSIM0.7779.JPEG,img_3109_original.JPEG,deterministic_random_seed_905_from_first_6400_training_pairs
378,3112,images/img_3112_SR11.7_RMSE0.0544_SSIM0.7732.JPEG,img_3112_original.JPEG,deterministic_random_seed_905_from_first_6400_training_pairs
379,3118,images/img_3118_SR11.1_RMSE0.0235_SSIM0.8717.JPEG,img_3118_original.JPEG,deterministic_random_seed_905_from_first_6400_training_pairs
380,3120,images/img_3120_SR11.2_RMSE0.0446_SSIM0.7894.JPEG,img_3120_original.JPEG,deterministic_random_seed_905_from_first_6400_training_pairs
381,3130,images/img_3130_SR10.4_RMSE0.0303_SSIM0.8396.JPEG,img_3130_original.JPEG,deterministic_random_seed_905_from_first_6400_training_pairs
382,3148,images/img_3148_SR10.7_RMSE0.0720_SSIM0.6470.JPEG,img_3148_original.JPEG,deterministic_random_seed_905_from_first_6400_training_pairs
383,3150,images/img_3150_SR9.1_RMSE0.0541_SSIM0.7476.JPEG,img_3150_original.JPEG,deterministic_random_seed_905_from_first_6400_training_pairs
384,3152,images/img_3152_SR9.3_RMSE0.0451_SSIM0.7396.JPEG,img_3152_original.JPEG,deterministic_random_seed_905_from_first_6400_training_pairs
385,3156,images/img_3156_SR10.1_RMSE0.0330_SSIM0.8119.JPEG,img_3156_original.JPEG,deterministic_random_seed_905_from_first_6400_training_pairs
386,3163,images/img_3163_SR10.7_RMSE0.0346_SSIM0.8369.JPEG,img_3163_original.JPEG,deterministic_random_seed_905_from_first_6400_training_pairs
387,3165,images/img_3165_SR11.0_RMSE0.0639_SSIM0.6505.JPEG,img_3165_original.JPEG,deterministic_random_seed_905_from_first_6400_training_pairs
388,3180,images/img_3180_SR11.2_RMSE0.0504_SSIM0.6307.JPEG,img_3180_original.JPEG,deterministic_random_seed_905_from_first_6400_training_pairs
389,3204,images/img_3204_SR8.9_RMSE0.0292_SSIM0.8765.JPEG,img_3204_original.JPEG,deterministic_random_seed_905_from_first_6400_training_pairs
390,3210,images/img_3210_SR12.2_RMSE0.0312_SSIM0.8298.JPEG,img_3210_original.JPEG,deterministic_random_seed_905_from_first_6400_training_pairs
391,3213,images/img_3213_SR11.5_RMSE0.0398_SSIM0.7852.JPEG,img_3213_original.JPEG,deterministic_random_seed_905_from_first_6400_training_pairs
392,3215,images/img_3215_SR11.1_RMSE0.0583_SSIM0.7376.JPEG,img_3215_original.JPEG,deterministic_random_seed_905_from_first_6400_training_pairs
393,3217,images/img_3217_SR9.8_RMSE0.0816_SSIM0.6383.JPEG,img_3217_original.JPEG,deterministic_random_seed_905_from_first_6400_training_pairs
394,3227,images/img_3227_SR11.6_RMSE0.0650_SSIM0.6189.JPEG,img_3227_original.JPEG,deterministic_random_seed_905_from_first_6400_training_pairs
395,3230,images/img_3230_SR10.8_RMSE0.0587_SSIM0.7222.JPEG,img_3230_original.JPEG,deterministic_random_seed_905_from_first_6400_training_pairs
396,3234,images/img_3234_SR10.6_RMSE0.0594_SSIM0.7359.JPEG,img_3234_original.JPEG,deterministic_random_seed_905_from_first_6400_training_pairs
397,3241,images/img_3241_SR8.9_RMSE0.0328_SSIM0.8299.JPEG,img_3241_original.JPEG,deterministic_random_seed_905_from_first_6400_training_pairs
398,3250,images/img_3250_SR9.8_RMSE0.0222_SSIM0.9140.JPEG,img_3250_original.JPEG,deterministic_random_seed_905_from_first_6400_training_pairs
399,3268,images/img_3268_SR11.0_RMSE0.0199_SSIM0.9263.JPEG,img_3268_original.JPEG,deterministic_random_seed_905_from_first_6400_training_pairs
400,3274,images/img_3274_SR8.8_RMSE0.0207_SSIM0.9315.JPEG,img_3274_original.JPEG,deterministic_random_seed_905_from_first_6400_training_pairs
401,3276,images/img_3276_SR10.5_RMSE0.0436_SSIM0.7846.JPEG,img_3276_original.JPEG,deterministic_random_seed_905_from_first_6400_training_pairs
402,3289,images/img_3289_SR8.8_RMSE0.0322_SSIM0.8407.JPEG,img_3289_original.JPEG,deterministic_random_seed_905_from_first_6400_training_pairs
403,3293,images/img_3293_SR13.1_RMSE0.0612_SSIM0.7373.JPEG,img_3293_original.JPEG,deterministic_random_seed_905_from_first_6400_training_pairs
404,3317,images/img_3317_SR9.8_RMSE0.0704_SSIM0.6885.JPEG,img_3317_original.JPEG,deterministic_random_seed_905_from_first_6400_training_pairs
405,3324,images/img_3324_SR9.4_RMSE0.0219_SSIM0.9481.JPEG,img_3324_original.JPEG,deterministic_random_seed_905_from_first_6400_training_pairs
406,3327,images/img_3327_SR10.6_RMSE0.0596_SSIM0.7599.JPEG,img_3327_original.JPEG,deterministic_random_seed_905_from_first_6400_training_pairs
407,3328,images/img_3328_SR11.6_RMSE0.0487_SSIM0.6734.JPEG,img_3328_original.JPEG,deterministic_random_seed_905_from_first_6400_training_pairs
408,3331,images/img_3331_SR10.0_RMSE0.0481_SSIM0.7929.JPEG,img_3331_original.JPEG,deterministic_random_seed_905_from_first_6400_training_pairs
409,3340,images/img_3340_SR10.7_RMSE0.0992_SSIM0.5860.JPEG,img_3340_original.JPEG,deterministic_random_seed_905_from_first_6400_training_pairs
410,3341,images/img_3341_SR9.3_RMSE0.0371_SSIM0.7898.JPEG,img_3341_original.JPEG,deterministic_random_seed_905_from_first_6400_training_pairs
411,3350,images/img_3350_SR11.5_RMSE0.0518_SSIM0.6701.JPEG,img_3350_original.JPEG,deterministic_random_seed_905_from_first_6400_training_pairs
412,3355,images/img_3355_SR9.8_RMSE0.0480_SSIM0.7649.JPEG,img_3355_original.JPEG,deterministic_random_seed_905_from_first_6400_training_pairs
413,3358,images/img_3358_SR10.1_RMSE0.0252_SSIM0.8646.JPEG,img_3358_original.JPEG,deterministic_random_seed_905_from_first_6400_training_pairs
414,3376,images/img_3376_SR9.9_RMSE0.0695_SSIM0.6652.JPEG,img_3376_original.JPEG,deterministic_random_seed_905_from_first_6400_training_pairs
415,3377,images/img_3377_SR11.5_RMSE0.0398_SSIM0.8099.JPEG,img_3377_original.JPEG,deterministic_random_seed_905_from_first_6400_training_pairs
416,3394,images/img_3394_SR9.7_RMSE0.0335_SSIM0.8451.JPEG,img_3394_original.JPEG,deterministic_random_seed_905_from_first_6400_training_pairs
417,3408,images/img_3408_SR10.2_RMSE0.0282_SSIM0.8506.JPEG,img_3408_original.JPEG,deterministic_random_seed_905_from_first_6400_training_pairs
418,3420,images/img_3420_SR11.1_RMSE0.0506_SSIM0.7568.JPEG,img_3420_original.JPEG,deterministic_random_seed_905_from_first_6400_training_pairs
419,3426,images/img_3426_SR10.3_RMSE0.0493_SSIM0.7974.JPEG,img_3426_original.JPEG,deterministic_random_seed_905_from_first_6400_training_pairs
420,3433,images/img_3433_SR10.0_RMSE0.0358_SSIM0.7554.JPEG,img_3433_original.JPEG,deterministic_random_seed_905_from_first_6400_training_pairs
421,3453,images/img_3453_SR9.7_RMSE0.0531_SSIM0.8001.JPEG,img_3453_original.JPEG,deterministic_random_seed_905_from_first_6400_training_pairs
422,3461,images/img_3461_SR10.0_RMSE0.0417_SSIM0.7328.JPEG,img_3461_original.JPEG,deterministic_random_seed_905_from_first_6400_training_pairs
423,3468,images/img_3468_SR11.1_RMSE0.0521_SSIM0.6775.JPEG,img_3468_original.JPEG,deterministic_random_seed_905_from_first_6400_training_pairs
424,3470,images/img_3470_SR7.8_RMSE0.0250_SSIM0.9207.JPEG,img_3470_original.JPEG,deterministic_random_seed_905_from_first_6400_training_pairs
425,3473,images/img_3473_SR8.2_RMSE0.0494_SSIM0.7916.JPEG,img_3473_original.JPEG,deterministic_random_seed_905_from_first_6400_training_pairs
426,3477,images/img_3477_SR11.7_RMSE0.0745_SSIM0.6259.JPEG,img_3477_original.JPEG,deterministic_random_seed_905_from_first_6400_training_pairs
427,3481,images/img_3481_SR9.9_RMSE0.0616_SSIM0.5775.JPEG,img_3481_original.JPEG,deterministic_random_seed_905_from_first_6400_training_pairs
428,3485,images/img_3485_SR11.6_RMSE0.0564_SSIM0.7460.JPEG,img_3485_original.JPEG,deterministic_random_seed_905_from_first_6400_training_pairs
429,3486,images/img_3486_SR13.2_RMSE0.0337_SSIM0.8291.JPEG,img_3486_original.JPEG,deterministic_random_seed_905_from_first_6400_training_pairs
430,3488,images/img_3488_SR10.2_RMSE0.0283_SSIM0.8879.JPEG,img_3488_original.JPEG,deterministic_random_seed_905_from_first_6400_training_pairs
431,3493,images/img_3493_SR10.5_RMSE0.0672_SSIM0.6216.JPEG,img_3493_original.JPEG,deterministic_random_seed_905_from_first_6400_training_pairs
432,3498,images/img_3498_SR9.8_RMSE0.0261_SSIM0.8168.JPEG,img_3498_original.JPEG,deterministic_random_seed_905_from_first_6400_training_pairs
433,3510,images/img_3510_SR8.7_RMSE0.0478_SSIM0.7197.JPEG,img_3510_original.JPEG,deterministic_random_seed_905_from_first_6400_training_pairs
434,3527,images/img_3527_SR8.7_RMSE0.0387_SSIM0.7774.JPEG,img_3527_original.JPEG,deterministic_random_seed_905_from_first_6400_training_pairs
435,3540,images/img_3540_SR10.2_RMSE0.0236_SSIM0.9138.JPEG,img_3540_original.JPEG,deterministic_random_seed_905_from_first_6400_training_pairs
436,3556,images/img_3556_SR12.8_RMSE0.0491_SSIM0.7680.JPEG,img_3556_original.JPEG,deterministic_random_seed_905_from_first_6400_training_pairs
437,3557,images/img_3557_SR9.9_RMSE0.0501_SSIM0.7978.JPEG,img_3557_original.JPEG,deterministic_random_seed_905_from_first_6400_training_pairs
438,3562,images/img_3562_SR8.8_RMSE0.0061_SSIM0.9709.JPEG,img_3562_original.JPEG,deterministic_random_seed_905_from_first_6400_training_pairs
439,3567,images/img_3567_SR11.3_RMSE0.0425_SSIM0.7816.JPEG,img_3567_original.JPEG,deterministic_random_seed_905_from_first_6400_training_pairs
440,3579,images/img_3579_SR9.6_RMSE0.0309_SSIM0.8170.JPEG,img_3579_original.JPEG,deterministic_random_seed_905_from_first_6400_training_pairs
441,3582,images/img_3582_SR10.5_RMSE0.0456_SSIM0.7560.JPEG,img_3582_original.JPEG,deterministic_random_seed_905_from_first_6400_training_pairs
442,3586,images/img_3586_SR9.4_RMSE0.0952_SSIM0.6347.JPEG,img_3586_original.JPEG,deterministic_random_seed_905_from_first_6400_training_pairs
443,3590,images/img_3590_SR12.3_RMSE0.0749_SSIM0.7412.JPEG,img_3590_original.JPEG,deterministic_random_seed_905_from_first_6400_training_pairs
444,3599,images/img_3599_SR10.1_RMSE0.0192_SSIM0.9026.JPEG,img_3599_original.JPEG,deterministic_random_seed_905_from_first_6400_training_pairs
445,3613,images/img_3613_SR11.4_RMSE0.0504_SSIM0.7893.JPEG,img_3613_original.JPEG,deterministic_random_seed_905_from_first_6400_training_pairs
446,3617,images/img_3617_SR10.3_RMSE0.0403_SSIM0.7866.JPEG,img_3617_original.JPEG,deterministic_random_seed_905_from_first_6400_training_pairs
447,3621,images/img_3621_SR10.3_RMSE0.0332_SSIM0.8648.JPEG,img_3621_original.JPEG,deterministic_random_seed_905_from_first_6400_training_pairs
448,3625,images/img_3625_SR7.8_RMSE0.0261_SSIM0.8873.JPEG,img_3625_original.JPEG,deterministic_random_seed_905_from_first_6400_training_pairs
449,3626,images/img_3626_SR11.0_RMSE0.0466_SSIM0.7606.JPEG,img_3626_original.JPEG,deterministic_random_seed_905_from_first_6400_training_pairs
450,3627,images/img_3627_SR12.8_RMSE0.0778_SSIM0.5876.JPEG,img_3627_original.JPEG,deterministic_random_seed_905_from_first_6400_training_pairs
451,3635,images/img_3635_SR10.7_RMSE0.0265_SSIM0.8803.JPEG,img_3635_original.JPEG,deterministic_random_seed_905_from_first_6400_training_pairs
452,3639,images/img_3639_SR8.1_RMSE0.0157_SSIM0.9468.JPEG,img_3639_original.JPEG,deterministic_random_seed_905_from_first_6400_training_pairs
453,3652,images/img_3652_SR7.2_RMSE0.0300_SSIM0.8616.JPEG,img_3652_original.JPEG,deterministic_random_seed_905_from_first_6400_training_pairs
454,3660,images/img_3660_SR11.5_RMSE0.0604_SSIM0.7168.JPEG,img_3660_original.JPEG,deterministic_random_seed_905_from_first_6400_training_pairs
455,3661,images/img_3661_SR11.1_RMSE0.0518_SSIM0.7710.JPEG,img_3661_original.JPEG,deterministic_random_seed_905_from_first_6400_training_pairs
456,3664,images/img_3664_SR10.3_RMSE0.0277_SSIM0.8318.JPEG,img_3664_original.JPEG,deterministic_random_seed_905_from_first_6400_training_pairs
457,3671,images/img_3671_SR10.0_RMSE0.0252_SSIM0.8769.JPEG,img_3671_original.JPEG,deterministic_random_seed_905_from_first_6400_training_pairs
458,3672,images/img_3672_SR11.3_RMSE0.0416_SSIM0.8239.JPEG,img_3672_original.JPEG,deterministic_random_seed_905_from_first_6400_training_pairs
459,3676,images/img_3676_SR11.5_RMSE0.0354_SSIM0.8803.JPEG,img_3676_original.JPEG,deterministic_random_seed_905_from_first_6400_training_pairs
460,3677,images/img_3677_SR11.8_RMSE0.0334_SSIM0.8303.JPEG,img_3677_original.JPEG,deterministic_random_seed_905_from_first_6400_training_pairs
461,3688,images/img_3688_SR9.6_RMSE0.0421_SSIM0.8374.JPEG,img_3688_original.JPEG,deterministic_random_seed_905_from_first_6400_training_pairs
462,3690,images/img_3690_SR9.6_RMSE0.0302_SSIM0.8560.JPEG,img_3690_original.JPEG,deterministic_random_seed_905_from_first_6400_training_pairs
463,3701,images/img_3701_SR12.2_RMSE0.0413_SSIM0.7162.JPEG,img_3701_original.JPEG,deterministic_random_seed_905_from_first_6400_training_pairs
464,3702,images/img_3702_SR11.7_RMSE0.0379_SSIM0.8253.JPEG,img_3702_original.JPEG,deterministic_random_seed_905_from_first_6400_training_pairs
465,3736,images/img_3736_SR11.1_RMSE0.0547_SSIM0.7748.JPEG,img_3736_original.JPEG,deterministic_random_seed_905_from_first_6400_training_pairs
466,3744,images/img_3744_SR7.4_RMSE0.0205_SSIM0.9032.JPEG,img_3744_original.JPEG,deterministic_random_seed_905_from_first_6400_training_pairs
467,3758,images/img_3758_SR9.4_RMSE0.0389_SSIM0.7812.JPEG,img_3758_original.JPEG,deterministic_random_seed_905_from_first_6400_training_pairs
468,3776,images/img_3776_SR9.7_RMSE0.0644_SSIM0.6074.JPEG,img_3776_original.JPEG,deterministic_random_seed_905_from_first_6400_training_pairs
469,3783,images/img_3783_SR11.5_RMSE0.0482_SSIM0.8005.JPEG,img_3783_original.JPEG,deterministic_random_seed_905_from_first_6400_training_pairs
470,3793,images/img_3793_SR8.2_RMSE0.0269_SSIM0.8061.JPEG,img_3793_original.JPEG,deterministic_random_seed_905_from_first_6400_training_pairs
471,3814,images/img_3814_SR10.8_RMSE0.0397_SSIM0.7813.JPEG,img_3814_original.JPEG,deterministic_random_seed_905_from_first_6400_training_pairs
472,3816,images/img_3816_SR10.8_RMSE0.0376_SSIM0.8532.JPEG,img_3816_original.JPEG,deterministic_random_seed_905_from_first_6400_training_pairs
473,3827,images/img_3827_SR12.2_RMSE0.0481_SSIM0.7594.JPEG,img_3827_original.JPEG,deterministic_random_seed_905_from_first_6400_training_pairs
474,3835,images/img_3835_SR10.2_RMSE0.0545_SSIM0.7051.JPEG,img_3835_original.JPEG,deterministic_random_seed_905_from_first_6400_training_pairs
475,3838,images/img_3838_SR13.0_RMSE0.0575_SSIM0.6632.JPEG,img_3838_original.JPEG,deterministic_random_seed_905_from_first_6400_training_pairs
476,3860,images/img_3860_SR12.1_RMSE0.0824_SSIM0.6679.JPEG,img_3860_original.JPEG,deterministic_random_seed_905_from_first_6400_training_pairs
477,3886,images/img_3886_SR10.2_RMSE0.0528_SSIM0.7384.JPEG,img_3886_original.JPEG,deterministic_random_seed_905_from_first_6400_training_pairs
478,3889,images/img_3889_SR9.5_RMSE0.0360_SSIM0.8311.JPEG,img_3889_original.JPEG,deterministic_random_seed_905_from_first_6400_training_pairs
479,3896,images/img_3896_SR12.1_RMSE0.0643_SSIM0.7109.JPEG,img_3896_original.JPEG,deterministic_random_seed_905_from_first_6400_training_pairs
480,3899,images/img_3899_SR9.8_RMSE0.0590_SSIM0.7269.JPEG,img_3899_original.JPEG,deterministic_random_seed_905_from_first_6400_training_pairs
481,3912,images/img_3912_SR10.5_RMSE0.0422_SSIM0.7903.JPEG,img_3912_original.JPEG,deterministic_random_seed_905_from_first_6400_training_pairs
482,3925,images/img_3925_SR8.3_RMSE0.0358_SSIM0.7663.JPEG,img_3925_original.JPEG,deterministic_random_seed_905_from_first_6400_training_pairs
483,3943,images/img_3943_SR10.3_RMSE0.0320_SSIM0.7482.JPEG,img_3943_original.JPEG,deterministic_random_seed_905_from_first_6400_training_pairs
484,3954,images/img_3954_SR10.0_RMSE0.0390_SSIM0.8162.JPEG,img_3954_original.JPEG,deterministic_random_seed_905_from_first_6400_training_pairs
485,3956,images/img_3956_SR12.9_RMSE0.0406_SSIM0.8682.JPEG,img_3956_original.JPEG,deterministic_random_seed_905_from_first_6400_training_pairs
486,3960,images/img_3960_SR12.3_RMSE0.0639_SSIM0.7129.JPEG,img_3960_original.JPEG,deterministic_random_seed_905_from_first_6400_training_pairs
487,3961,images/img_3961_SR11.3_RMSE0.0641_SSIM0.6810.JPEG,img_3961_original.JPEG,deterministic_random_seed_905_from_first_6400_training_pairs
488,4000,images/img_4000_SR9.9_RMSE0.0382_SSIM0.7921.JPEG,img_4000_original.JPEG,deterministic_random_seed_905_from_first_6400_training_pairs
489,4033,images/img_4033_SR10.0_RMSE0.0275_SSIM0.8723.JPEG,img_4033_original.JPEG,deterministic_random_seed_905_from_first_6400_training_pairs
490,4047,images/img_4047_SR10.3_RMSE0.0588_SSIM0.6352.JPEG,img_4047_original.JPEG,deterministic_random_seed_905_from_first_6400_training_pairs
491,4068,images/img_4068_SR10.4_RMSE0.0411_SSIM0.7788.JPEG,img_4068_original.JPEG,deterministic_random_seed_905_from_first_6400_training_pairs
492,4069,images/img_4069_SR10.5_RMSE0.0214_SSIM0.8798.JPEG,img_4069_original.JPEG,deterministic_random_seed_905_from_first_6400_training_pairs
493,4071,images/img_4071_SR9.4_RMSE0.0467_SSIM0.7718.JPEG,img_4071_original.JPEG,deterministic_random_seed_905_from_first_6400_training_pairs
494,4079,images/img_4079_SR9.1_RMSE0.0414_SSIM0.7920.JPEG,img_4079_original.JPEG,deterministic_random_seed_905_from_first_6400_training_pairs
495,4082,images/img_4082_SR12.8_RMSE0.0459_SSIM0.7662.JPEG,img_4082_original.JPEG,deterministic_random_seed_905_from_first_6400_training_pairs
496,4086,images/img_4086_SR7.9_RMSE0.0396_SSIM0.8464.JPEG,img_4086_original.JPEG,deterministic_random_seed_905_from_first_6400_training_pairs
497,4088,images/img_4088_SR9.4_RMSE0.0247_SSIM0.8647.JPEG,img_4088_original.JPEG,deterministic_random_seed_905_from_first_6400_training_pairs
498,4089,images/img_4089_SR10.0_RMSE0.0487_SSIM0.5853.JPEG,img_4089_original.JPEG,deterministic_random_seed_905_from_first_6400_training_pairs
499,4095,images/img_4095_SR13.6_RMSE0.1234_SSIM0.5890.JPEG,img_4095_original.JPEG,deterministic_random_seed_905_from_first_6400_training_pairs
500,4111,images/img_4111_SR7.9_RMSE0.0384_SSIM0.8559.JPEG,img_4111_original.JPEG,deterministic_random_seed_905_from_first_6400_training_pairs
501,4124,images/img_4124_SR10.4_RMSE0.0209_SSIM0.8592.JPEG,img_4124_original.JPEG,deterministic_random_seed_905_from_first_6400_training_pairs
502,4143,images/img_4143_SR9.6_RMSE0.0398_SSIM0.8228.JPEG,img_4143_original.JPEG,deterministic_random_seed_905_from_first_6400_training_pairs
503,4146,images/img_4146_SR11.0_RMSE0.0520_SSIM0.7321.JPEG,img_4146_original.JPEG,deterministic_random_seed_905_from_first_6400_training_pairs
504,4158,images/img_4158_SR9.3_RMSE0.0290_SSIM0.8885.JPEG,img_4158_original.JPEG,deterministic_random_seed_905_from_first_6400_training_pairs
505,4163,images/img_4163_SR9.4_RMSE0.0537_SSIM0.7163.JPEG,img_4163_original.JPEG,deterministic_random_seed_905_from_first_6400_training_pairs
506,4195,images/img_4195_SR11.0_RMSE0.0528_SSIM0.7419.JPEG,img_4195_original.JPEG,deterministic_random_seed_905_from_first_6400_training_pairs
507,4197,images/img_4197_SR8.6_RMSE0.0338_SSIM0.7978.JPEG,img_4197_original.JPEG,deterministic_random_seed_905_from_first_6400_training_pairs
508,4202,images/img_4202_SR9.3_RMSE0.0412_SSIM0.8196.JPEG,img_4202_original.JPEG,deterministic_random_seed_905_from_first_6400_training_pairs
509,4210,images/img_4210_SR10.1_RMSE0.0667_SSIM0.7625.JPEG,img_4210_original.JPEG,deterministic_random_seed_905_from_first_6400_training_pairs
510,4217,images/img_4217_SR12.2_RMSE0.0144_SSIM0.9603.JPEG,img_4217_original.JPEG,deterministic_random_seed_905_from_first_6400_training_pairs
511,4226,images/img_4226_SR11.9_RMSE0.0626_SSIM0.5664.JPEG,img_4226_original.JPEG,deterministic_random_seed_905_from_first_6400_training_pairs
512,4229,images/img_4229_SR10.6_RMSE0.0181_SSIM0.8971.JPEG,img_4229_original.JPEG,deterministic_random_seed_905_from_first_6400_training_pairs
513,4230,images/img_4230_SR10.5_RMSE0.0527_SSIM0.7113.JPEG,img_4230_original.JPEG,deterministic_random_seed_905_from_first_6400_training_pairs
514,4246,images/img_4246_SR9.6_RMSE0.0629_SSIM0.7370.JPEG,img_4246_original.JPEG,deterministic_random_seed_905_from_first_6400_training_pairs
515,4247,images/img_4247_SR9.3_RMSE0.0423_SSIM0.8512.JPEG,img_4247_original.JPEG,deterministic_random_seed_905_from_first_6400_training_pairs
516,4251,images/img_4251_SR9.1_RMSE0.0394_SSIM0.7802.JPEG,img_4251_original.JPEG,deterministic_random_seed_905_from_first_6400_training_pairs
517,4253,images/img_4253_SR8.8_RMSE0.0445_SSIM0.7441.JPEG,img_4253_original.JPEG,deterministic_random_seed_905_from_first_6400_training_pairs
518,4269,images/img_4269_SR6.8_RMSE0.0225_SSIM0.8786.JPEG,img_4269_original.JPEG,deterministic_random_seed_905_from_first_6400_training_pairs
519,4270,images/img_4270_SR9.0_RMSE0.0856_SSIM0.6916.JPEG,img_4270_original.JPEG,deterministic_random_seed_905_from_first_6400_training_pairs
520,4310,images/img_4310_SR9.7_RMSE0.0311_SSIM0.8541.JPEG,img_4310_original.JPEG,deterministic_random_seed_905_from_first_6400_training_pairs
521,4313,images/img_4313_SR8.1_RMSE0.1019_SSIM0.5965.JPEG,img_4313_original.JPEG,deterministic_random_seed_905_from_first_6400_training_pairs
522,4318,images/img_4318_SR7.3_RMSE0.0352_SSIM0.7622.JPEG,img_4318_original.JPEG,deterministic_random_seed_905_from_first_6400_training_pairs
523,4320,images/img_4320_SR9.4_RMSE0.0288_SSIM0.8920.JPEG,img_4320_original.JPEG,deterministic_random_seed_905_from_first_6400_training_pairs
524,4321,images/img_4321_SR9.9_RMSE0.0359_SSIM0.7438.JPEG,img_4321_original.JPEG,deterministic_random_seed_905_from_first_6400_training_pairs
525,4324,images/img_4324_SR12.0_RMSE0.0790_SSIM0.6853.JPEG,img_4324_original.JPEG,deterministic_random_seed_905_from_first_6400_training_pairs
526,4326,images/img_4326_SR10.3_RMSE0.0357_SSIM0.8559.JPEG,img_4326_original.JPEG,deterministic_random_seed_905_from_first_6400_training_pairs
527,4328,images/img_4328_SR8.5_RMSE0.0340_SSIM0.8647.JPEG,img_4328_original.JPEG,deterministic_random_seed_905_from_first_6400_training_pairs
528,4336,images/img_4336_SR12.2_RMSE0.0262_SSIM0.8692.JPEG,img_4336_original.JPEG,deterministic_random_seed_905_from_first_6400_training_pairs
529,4338,images/img_4338_SR12.1_RMSE0.0581_SSIM0.6939.JPEG,img_4338_original.JPEG,deterministic_random_seed_905_from_first_6400_training_pairs
530,4348,images/img_4348_SR10.8_RMSE0.0392_SSIM0.8266.JPEG,img_4348_original.JPEG,deterministic_random_seed_905_from_first_6400_training_pairs
531,4351,images/img_4351_SR12.4_RMSE0.0846_SSIM0.5419.JPEG,img_4351_original.JPEG,deterministic_random_seed_905_from_first_6400_training_pairs
532,4360,images/img_4360_SR8.4_RMSE0.0355_SSIM0.8540.JPEG,img_4360_original.JPEG,deterministic_random_seed_905_from_first_6400_training_pairs
533,4361,images/img_4361_SR9.0_RMSE0.0236_SSIM0.8609.JPEG,img_4361_original.JPEG,deterministic_random_seed_905_from_first_6400_training_pairs
534,4362,images/img_4362_SR11.5_RMSE0.0467_SSIM0.7531.JPEG,img_4362_original.JPEG,deterministic_random_seed_905_from_first_6400_training_pairs
535,4372,images/img_4372_SR12.4_RMSE0.0476_SSIM0.7715.JPEG,img_4372_original.JPEG,deterministic_random_seed_905_from_first_6400_training_pairs
536,4375,images/img_4375_SR8.7_RMSE0.0433_SSIM0.8456.JPEG,img_4375_original.JPEG,deterministic_random_seed_905_from_first_6400_training_pairs
537,4376,images/img_4376_SR11.9_RMSE0.0792_SSIM0.6536.JPEG,img_4376_original.JPEG,deterministic_random_seed_905_from_first_6400_training_pairs
538,4377,images/img_4377_SR8.7_RMSE0.0398_SSIM0.7533.JPEG,img_4377_original.JPEG,deterministic_random_seed_905_from_first_6400_training_pairs
539,4383,images/img_4383_SR11.1_RMSE0.0423_SSIM0.8024.JPEG,img_4383_original.JPEG,deterministic_random_seed_905_from_first_6400_training_pairs
540,4396,images/img_4396_SR9.1_RMSE0.0552_SSIM0.7344.JPEG,img_4396_original.JPEG,deterministic_random_seed_905_from_first_6400_training_pairs
541,4397,images/img_4397_SR9.1_RMSE0.0140_SSIM0.9291.JPEG,img_4397_original.JPEG,deterministic_random_seed_905_from_first_6400_training_pairs
542,4402,images/img_4402_SR9.6_RMSE0.0446_SSIM0.7787.JPEG,img_4402_original.JPEG,deterministic_random_seed_905_from_first_6400_training_pairs
543,4408,images/img_4408_SR9.8_RMSE0.0290_SSIM0.8567.JPEG,img_4408_original.JPEG,deterministic_random_seed_905_from_first_6400_training_pairs
544,4413,images/img_4413_SR10.9_RMSE0.0164_SSIM0.9180.JPEG,img_4413_original.JPEG,deterministic_random_seed_905_from_first_6400_training_pairs
545,4415,images/img_4415_SR9.4_RMSE0.0291_SSIM0.8102.JPEG,img_4415_original.JPEG,deterministic_random_seed_905_from_first_6400_training_pairs
546,4424,images/img_4424_SR10.3_RMSE0.0502_SSIM0.7989.JPEG,img_4424_original.JPEG,deterministic_random_seed_905_from_first_6400_training_pairs
547,4426,images/img_4426_SR11.0_RMSE0.0335_SSIM0.7990.JPEG,img_4426_original.JPEG,deterministic_random_seed_905_from_first_6400_training_pairs
548,4429,images/img_4429_SR8.0_RMSE0.0760_SSIM0.7015.JPEG,img_4429_original.JPEG,deterministic_random_seed_905_from_first_6400_training_pairs
549,4433,images/img_4433_SR9.4_RMSE0.0556_SSIM0.7438.JPEG,img_4433_original.JPEG,deterministic_random_seed_905_from_first_6400_training_pairs
550,4439,images/img_4439_SR10.2_RMSE0.0446_SSIM0.6086.JPEG,img_4439_original.JPEG,deterministic_random_seed_905_from_first_6400_training_pairs
551,4455,images/img_4455_SR12.0_RMSE0.0349_SSIM0.8745.JPEG,img_4455_original.JPEG,deterministic_random_seed_905_from_first_6400_training_pairs
552,4457,images/img_4457_SR9.6_RMSE0.0418_SSIM0.8465.JPEG,img_4457_original.JPEG,deterministic_random_seed_905_from_first_6400_training_pairs
553,4458,images/img_4458_SR8.4_RMSE0.0260_SSIM0.9220.JPEG,img_4458_original.JPEG,deterministic_random_seed_905_from_first_6400_training_pairs
554,4463,images/img_4463_SR10.3_RMSE0.0561_SSIM0.7377.JPEG,img_4463_original.JPEG,deterministic_random_seed_905_from_first_6400_training_pairs
555,4465,images/img_4465_SR11.8_RMSE0.0725_SSIM0.7692.JPEG,img_4465_original.JPEG,deterministic_random_seed_905_from_first_6400_training_pairs
556,4473,images/img_4473_SR10.3_RMSE0.0720_SSIM0.7312.JPEG,img_4473_original.JPEG,deterministic_random_seed_905_from_first_6400_training_pairs
557,4474,images/img_4474_SR10.7_RMSE0.0447_SSIM0.8009.JPEG,img_4474_original.JPEG,deterministic_random_seed_905_from_first_6400_training_pairs
558,4477,images/img_4477_SR9.9_RMSE0.0471_SSIM0.6793.JPEG,img_4477_original.JPEG,deterministic_random_seed_905_from_first_6400_training_pairs
559,4500,images/img_4500_SR9.5_RMSE0.0521_SSIM0.7297.JPEG,img_4500_original.JPEG,deterministic_random_seed_905_from_first_6400_training_pairs
560,4512,images/img_4512_SR11.6_RMSE0.0491_SSIM0.6665.JPEG,img_4512_original.JPEG,deterministic_random_seed_905_from_first_6400_training_pairs
561,4513,images/img_4513_SR9.3_RMSE0.0411_SSIM0.8307.JPEG,img_4513_original.JPEG,deterministic_random_seed_905_from_first_6400_training_pairs
562,4515,images/img_4515_SR9.4_RMSE0.0329_SSIM0.8176.JPEG,img_4515_original.JPEG,deterministic_random_seed_905_from_first_6400_training_pairs
563,4522,images/img_4522_SR5.7_RMSE0.0266_SSIM0.8521.JPEG,img_4522_original.JPEG,deterministic_random_seed_905_from_first_6400_training_pairs
564,4529,images/img_4529_SR9.8_RMSE0.0306_SSIM0.8068.JPEG,img_4529_original.JPEG,deterministic_random_seed_905_from_first_6400_training_pairs
565,4538,images/img_4538_SR12.2_RMSE0.0724_SSIM0.7067.JPEG,img_4538_original.JPEG,deterministic_random_seed_905_from_first_6400_training_pairs
566,4552,images/img_4552_SR11.4_RMSE0.0692_SSIM0.6149.JPEG,img_4552_original.JPEG,deterministic_random_seed_905_from_first_6400_training_pairs
567,4561,images/img_4561_SR11.6_RMSE0.0509_SSIM0.7822.JPEG,img_4561_original.JPEG,deterministic_random_seed_905_from_first_6400_training_pairs
568,4564,images/img_4564_SR10.8_RMSE0.0604_SSIM0.6143.JPEG,img_4564_original.JPEG,deterministic_random_seed_905_from_first_6400_training_pairs
569,4582,images/img_4582_SR10.0_RMSE0.0531_SSIM0.7286.JPEG,img_4582_original.JPEG,deterministic_random_seed_905_from_first_6400_training_pairs
570,4588,images/img_4588_SR13.2_RMSE0.0329_SSIM0.8061.JPEG,img_4588_original.JPEG,deterministic_random_seed_905_from_first_6400_training_pairs
571,4610,images/img_4610_SR9.7_RMSE0.0365_SSIM0.7944.JPEG,img_4610_original.JPEG,deterministic_random_seed_905_from_first_6400_training_pairs
572,4616,images/img_4616_SR8.6_RMSE0.0386_SSIM0.8284.JPEG,img_4616_original.JPEG,deterministic_random_seed_905_from_first_6400_training_pairs
573,4632,images/img_4632_SR9.1_RMSE0.0416_SSIM0.8279.JPEG,img_4632_original.JPEG,deterministic_random_seed_905_from_first_6400_training_pairs
574,4637,images/img_4637_SR10.1_RMSE0.0609_SSIM0.7079.JPEG,img_4637_original.JPEG,deterministic_random_seed_905_from_first_6400_training_pairs
575,4641,images/img_4641_SR10.2_RMSE0.0745_SSIM0.5749.JPEG,img_4641_original.JPEG,deterministic_random_seed_905_from_first_6400_training_pairs
576,4646,images/img_4646_SR10.7_RMSE0.0291_SSIM0.8405.JPEG,img_4646_original.JPEG,deterministic_random_seed_905_from_first_6400_training_pairs
577,4649,images/img_4649_SR9.6_RMSE0.0629_SSIM0.7414.JPEG,img_4649_original.JPEG,deterministic_random_seed_905_from_first_6400_training_pairs
578,4658,images/img_4658_SR8.8_RMSE0.0512_SSIM0.5646.JPEG,img_4658_original.JPEG,deterministic_random_seed_905_from_first_6400_training_pairs
579,4668,images/img_4668_SR7.5_RMSE0.0232_SSIM0.8387.JPEG,img_4668_original.JPEG,deterministic_random_seed_905_from_first_6400_training_pairs
580,4678,images/img_4678_SR10.1_RMSE0.0572_SSIM0.6625.JPEG,img_4678_original.JPEG,deterministic_random_seed_905_from_first_6400_training_pairs
581,4685,images/img_4685_SR8.7_RMSE0.0714_SSIM0.7289.JPEG,img_4685_original.JPEG,deterministic_random_seed_905_from_first_6400_training_pairs
582,4690,images/img_4690_SR8.3_RMSE0.0506_SSIM0.8085.JPEG,img_4690_original.JPEG,deterministic_random_seed_905_from_first_6400_training_pairs
583,4692,images/img_4692_SR12.1_RMSE0.0440_SSIM0.8095.JPEG,img_4692_original.JPEG,deterministic_random_seed_905_from_first_6400_training_pairs
584,4698,images/img_4698_SR11.2_RMSE0.0568_SSIM0.7194.JPEG,img_4698_original.JPEG,deterministic_random_seed_905_from_first_6400_training_pairs
585,4700,images/img_4700_SR10.3_RMSE0.0740_SSIM0.7340.JPEG,img_4700_original.JPEG,deterministic_random_seed_905_from_first_6400_training_pairs
586,4701,images/img_4701_SR11.1_RMSE0.0923_SSIM0.6347.JPEG,img_4701_original.JPEG,deterministic_random_seed_905_from_first_6400_training_pairs
587,4715,images/img_4715_SR9.2_RMSE0.0477_SSIM0.7504.JPEG,img_4715_original.JPEG,deterministic_random_seed_905_from_first_6400_training_pairs
588,4719,images/img_4719_SR8.2_RMSE0.0145_SSIM0.9370.JPEG,img_4719_original.JPEG,deterministic_random_seed_905_from_first_6400_training_pairs
589,4721,images/img_4721_SR9.6_RMSE0.0302_SSIM0.7864.JPEG,img_4721_original.JPEG,deterministic_random_seed_905_from_first_6400_training_pairs
590,4725,images/img_4725_SR9.0_RMSE0.0126_SSIM0.9482.JPEG,img_4725_original.JPEG,deterministic_random_seed_905_from_first_6400_training_pairs
591,4728,images/img_4728_SR8.3_RMSE0.0371_SSIM0.8602.JPEG,img_4728_original.JPEG,deterministic_random_seed_905_from_first_6400_training_pairs
592,4729,images/img_4729_SR10.1_RMSE0.0346_SSIM0.7639.JPEG,img_4729_original.JPEG,deterministic_random_seed_905_from_first_6400_training_pairs
593,4741,images/img_4741_SR8.6_RMSE0.0249_SSIM0.8594.JPEG,img_4741_original.JPEG,deterministic_random_seed_905_from_first_6400_training_pairs
594,4744,images/img_4744_SR9.0_RMSE0.0777_SSIM0.7017.JPEG,img_4744_original.JPEG,deterministic_random_seed_905_from_first_6400_training_pairs
595,4751,images/img_4751_SR8.9_RMSE0.0353_SSIM0.8701.JPEG,img_4751_original.JPEG,deterministic_random_seed_905_from_first_6400_training_pairs
596,4768,images/img_4768_SR9.4_RMSE0.0468_SSIM0.7556.JPEG,img_4768_original.JPEG,deterministic_random_seed_905_from_first_6400_training_pairs
597,4775,images/img_4775_SR11.5_RMSE0.0816_SSIM0.6396.JPEG,img_4775_original.JPEG,deterministic_random_seed_905_from_first_6400_training_pairs
598,4791,images/img_4791_SR10.3_RMSE0.0680_SSIM0.5712.JPEG,img_4791_original.JPEG,deterministic_random_seed_905_from_first_6400_training_pairs
599,4796,images/img_4796_SR9.3_RMSE0.0607_SSIM0.5788.JPEG,img_4796_original.JPEG,deterministic_random_seed_905_from_first_6400_training_pairs
600,4798,images/img_4798_SR14.0_RMSE0.1354_SSIM0.5637.JPEG,img_4798_original.JPEG,deterministic_random_seed_905_from_first_6400_training_pairs
601,4801,images/img_4801_SR8.5_RMSE0.0341_SSIM0.8230.JPEG,img_4801_original.JPEG,deterministic_random_seed_905_from_first_6400_training_pairs
602,4802,images/img_4802_SR10.5_RMSE0.0720_SSIM0.7159.JPEG,img_4802_original.JPEG,deterministic_random_seed_905_from_first_6400_training_pairs
603,4805,images/img_4805_SR9.9_RMSE0.0456_SSIM0.8025.JPEG,img_4805_original.JPEG,deterministic_random_seed_905_from_first_6400_training_pairs
604,4818,images/img_4818_SR10.3_RMSE0.0541_SSIM0.6166.JPEG,img_4818_original.JPEG,deterministic_random_seed_905_from_first_6400_training_pairs
605,4850,images/img_4850_SR8.6_RMSE0.0424_SSIM0.6905.JPEG,img_4850_original.JPEG,deterministic_random_seed_905_from_first_6400_training_pairs
606,4854,images/img_4854_SR12.1_RMSE0.0342_SSIM0.8584.JPEG,img_4854_original.JPEG,deterministic_random_seed_905_from_first_6400_training_pairs
607,4856,images/img_4856_SR9.9_RMSE0.0329_SSIM0.8300.JPEG,img_4856_original.JPEG,deterministic_random_seed_905_from_first_6400_training_pairs
608,4895,images/img_4895_SR10.1_RMSE0.0537_SSIM0.7633.JPEG,img_4895_original.JPEG,deterministic_random_seed_905_from_first_6400_training_pairs
609,4897,images/img_4897_SR11.6_RMSE0.0882_SSIM0.6006.JPEG,img_4897_original.JPEG,deterministic_random_seed_905_from_first_6400_training_pairs
610,4904,images/img_4904_SR8.9_RMSE0.0490_SSIM0.7775.JPEG,img_4904_original.JPEG,deterministic_random_seed_905_from_first_6400_training_pairs
611,4920,images/img_4920_SR11.2_RMSE0.0225_SSIM0.8651.JPEG,img_4920_original.JPEG,deterministic_random_seed_905_from_first_6400_training_pairs
612,4935,images/img_4935_SR13.6_RMSE0.0314_SSIM0.7467.JPEG,img_4935_original.JPEG,deterministic_random_seed_905_from_first_6400_training_pairs
613,4941,images/img_4941_SR9.4_RMSE0.0696_SSIM0.5894.JPEG,img_4941_original.JPEG,deterministic_random_seed_905_from_first_6400_training_pairs
614,4944,images/img_4944_SR11.2_RMSE0.0377_SSIM0.8488.JPEG,img_4944_original.JPEG,deterministic_random_seed_905_from_first_6400_training_pairs
615,4955,images/img_4955_SR12.9_RMSE0.0891_SSIM0.6245.JPEG,img_4955_original.JPEG,deterministic_random_seed_905_from_first_6400_training_pairs
616,4960,images/img_4960_SR11.3_RMSE0.0780_SSIM0.6279.JPEG,img_4960_original.JPEG,deterministic_random_seed_905_from_first_6400_training_pairs
617,4963,images/img_4963_SR11.0_RMSE0.0611_SSIM0.6164.JPEG,img_4963_original.JPEG,deterministic_random_seed_905_from_first_6400_training_pairs
618,4965,images/img_4965_SR10.5_RMSE0.0640_SSIM0.6957.JPEG,img_4965_original.JPEG,deterministic_random_seed_905_from_first_6400_training_pairs
619,4966,images/img_4966_SR9.8_RMSE0.0253_SSIM0.8598.JPEG,img_4966_original.JPEG,deterministic_random_seed_905_from_first_6400_training_pairs
620,4971,images/img_4971_SR10.4_RMSE0.0227_SSIM0.8911.JPEG,img_4971_original.JPEG,deterministic_random_seed_905_from_first_6400_training_pairs
621,4981,images/img_4981_SR10.6_RMSE0.0473_SSIM0.6153.JPEG,img_4981_original.JPEG,deterministic_random_seed_905_from_first_6400_training_pairs
622,5012,images/img_5012_SR9.1_RMSE0.0612_SSIM0.7467.JPEG,img_5012_original.JPEG,deterministic_random_seed_905_from_first_6400_training_pairs
623,5023,images/img_5023_SR9.5_RMSE0.0316_SSIM0.8430.JPEG,img_5023_original.JPEG,deterministic_random_seed_905_from_first_6400_training_pairs
624,5033,images/img_5033_SR9.6_RMSE0.0509_SSIM0.7586.JPEG,img_5033_original.JPEG,deterministic_random_seed_905_from_first_6400_training_pairs
625,5034,images/img_5034_SR11.8_RMSE0.0679_SSIM0.7189.JPEG,img_5034_original.JPEG,deterministic_random_seed_905_from_first_6400_training_pairs
626,5038,images/img_5038_SR10.1_RMSE0.0385_SSIM0.7750.JPEG,img_5038_original.JPEG,deterministic_random_seed_905_from_first_6400_training_pairs
627,5043,images/img_5043_SR10.2_RMSE0.0724_SSIM0.6717.JPEG,img_5043_original.JPEG,deterministic_random_seed_905_from_first_6400_training_pairs
628,5050,images/img_5050_SR10.7_RMSE0.0506_SSIM0.7611.JPEG,img_5050_original.JPEG,deterministic_random_seed_905_from_first_6400_training_pairs
629,5056,images/img_5056_SR10.3_RMSE0.0460_SSIM0.7409.JPEG,img_5056_original.JPEG,deterministic_random_seed_905_from_first_6400_training_pairs
630,5058,images/img_5058_SR9.6_RMSE0.0278_SSIM0.8198.JPEG,img_5058_original.JPEG,deterministic_random_seed_905_from_first_6400_training_pairs
631,5063,images/img_5063_SR9.1_RMSE0.0399_SSIM0.8173.JPEG,img_5063_original.JPEG,deterministic_random_seed_905_from_first_6400_training_pairs
632,5081,images/img_5081_SR13.1_RMSE0.0497_SSIM0.5897.JPEG,img_5081_original.JPEG,deterministic_random_seed_905_from_first_6400_training_pairs
633,5082,images/img_5082_SR10.5_RMSE0.0719_SSIM0.7153.JPEG,img_5082_original.JPEG,deterministic_random_seed_905_from_first_6400_training_pairs
634,5087,images/img_5087_SR10.2_RMSE0.0522_SSIM0.7309.JPEG,img_5087_original.JPEG,deterministic_random_seed_905_from_first_6400_training_pairs
635,5104,images/img_5104_SR14.4_RMSE0.0915_SSIM0.6410.JPEG,img_5104_original.JPEG,deterministic_random_seed_905_from_first_6400_training_pairs
636,5112,images/img_5112_SR10.3_RMSE0.0520_SSIM0.6758.JPEG,img_5112_original.JPEG,deterministic_random_seed_905_from_first_6400_training_pairs
637,5113,images/img_5113_SR9.3_RMSE0.0407_SSIM0.7731.JPEG,img_5113_original.JPEG,deterministic_random_seed_905_from_first_6400_training_pairs
638,5122,images/img_5122_SR12.7_RMSE0.0534_SSIM0.7590.JPEG,img_5122_original.JPEG,deterministic_random_seed_905_from_first_6400_training_pairs
639,5151,images/img_5151_SR9.0_RMSE0.0351_SSIM0.8546.JPEG,img_5151_original.JPEG,deterministic_random_seed_905_from_first_6400_training_pairs
640,5154,images/img_5154_SR9.1_RMSE0.0212_SSIM0.9321.JPEG,img_5154_original.JPEG,deterministic_random_seed_905_from_first_6400_training_pairs
641,5162,images/img_5162_SR11.4_RMSE0.0323_SSIM0.8843.JPEG,img_5162_original.JPEG,deterministic_random_seed_905_from_first_6400_training_pairs
642,5165,images/img_5165_SR8.0_RMSE0.0460_SSIM0.8352.JPEG,img_5165_original.JPEG,deterministic_random_seed_905_from_first_6400_training_pairs
643,5170,images/img_5170_SR10.7_RMSE0.0509_SSIM0.8316.JPEG,img_5170_original.JPEG,deterministic_random_seed_905_from_first_6400_training_pairs
644,5171,images/img_5171_SR12.0_RMSE0.0706_SSIM0.6655.JPEG,img_5171_original.JPEG,deterministic_random_seed_905_from_first_6400_training_pairs
645,5177,images/img_5177_SR10.1_RMSE0.0600_SSIM0.7411.JPEG,img_5177_original.JPEG,deterministic_random_seed_905_from_first_6400_training_pairs
646,5184,images/img_5184_SR9.3_RMSE0.0474_SSIM0.7062.JPEG,img_5184_original.JPEG,deterministic_random_seed_905_from_first_6400_training_pairs
647,5185,images/img_5185_SR11.6_RMSE0.0496_SSIM0.7500.JPEG,img_5185_original.JPEG,deterministic_random_seed_905_from_first_6400_training_pairs
648,5199,images/img_5199_SR10.1_RMSE0.0311_SSIM0.8876.JPEG,img_5199_original.JPEG,deterministic_random_seed_905_from_first_6400_training_pairs
649,5209,images/img_5209_SR10.8_RMSE0.0370_SSIM0.8397.JPEG,img_5209_original.JPEG,deterministic_random_seed_905_from_first_6400_training_pairs
650,5212,images/img_5212_SR9.5_RMSE0.0334_SSIM0.8109.JPEG,img_5212_original.JPEG,deterministic_random_seed_905_from_first_6400_training_pairs
651,5213,images/img_5213_SR10.2_RMSE0.0588_SSIM0.6036.JPEG,img_5213_original.JPEG,deterministic_random_seed_905_from_first_6400_training_pairs
652,5227,images/img_5227_SR10.8_RMSE0.0460_SSIM0.8271.JPEG,img_5227_original.JPEG,deterministic_random_seed_905_from_first_6400_training_pairs
653,5228,images/img_5228_SR12.3_RMSE0.0549_SSIM0.7634.JPEG,img_5228_original.JPEG,deterministic_random_seed_905_from_first_6400_training_pairs
654,5233,images/img_5233_SR12.1_RMSE0.0446_SSIM0.8172.JPEG,img_5233_original.JPEG,deterministic_random_seed_905_from_first_6400_training_pairs
655,5240,images/img_5240_SR11.0_RMSE0.0516_SSIM0.7453.JPEG,img_5240_original.JPEG,deterministic_random_seed_905_from_first_6400_training_pairs
656,5245,images/img_5245_SR13.3_RMSE0.0368_SSIM0.6866.JPEG,img_5245_original.JPEG,deterministic_random_seed_905_from_first_6400_training_pairs
657,5246,images/img_5246_SR9.2_RMSE0.0238_SSIM0.8892.JPEG,img_5246_original.JPEG,deterministic_random_seed_905_from_first_6400_training_pairs
658,5267,images/img_5267_SR10.7_RMSE0.0392_SSIM0.8233.JPEG,img_5267_original.JPEG,deterministic_random_seed_905_from_first_6400_training_pairs
659,5271,images/img_5271_SR11.9_RMSE0.0826_SSIM0.6573.JPEG,img_5271_original.JPEG,deterministic_random_seed_905_from_first_6400_training_pairs
660,5272,images/img_5272_SR12.3_RMSE0.0340_SSIM0.7383.JPEG,img_5272_original.JPEG,deterministic_random_seed_905_from_first_6400_training_pairs
661,5289,images/img_5289_SR9.3_RMSE0.0485_SSIM0.7711.JPEG,img_5289_original.JPEG,deterministic_random_seed_905_from_first_6400_training_pairs
662,5295,images/img_5295_SR10.8_RMSE0.0560_SSIM0.6559.JPEG,img_5295_original.JPEG,deterministic_random_seed_905_from_first_6400_training_pairs
663,5315,images/img_5315_SR9.6_RMSE0.0410_SSIM0.7618.JPEG,img_5315_original.JPEG,deterministic_random_seed_905_from_first_6400_training_pairs
664,5325,images/img_5325_SR10.1_RMSE0.0417_SSIM0.8280.JPEG,img_5325_original.JPEG,deterministic_random_seed_905_from_first_6400_training_pairs
665,5329,images/img_5329_SR10.5_RMSE0.0361_SSIM0.7833.JPEG,img_5329_original.JPEG,deterministic_random_seed_905_from_first_6400_training_pairs
666,5335,images/img_5335_SR8.6_RMSE0.0326_SSIM0.8341.JPEG,img_5335_original.JPEG,deterministic_random_seed_905_from_first_6400_training_pairs
667,5351,images/img_5351_SR9.7_RMSE0.0562_SSIM0.7129.JPEG,img_5351_original.JPEG,deterministic_random_seed_905_from_first_6400_training_pairs
668,5354,images/img_5354_SR8.2_RMSE0.0266_SSIM0.7802.JPEG,img_5354_original.JPEG,deterministic_random_seed_905_from_first_6400_training_pairs
669,5361,images/img_5361_SR11.1_RMSE0.0177_SSIM0.9495.JPEG,img_5361_original.JPEG,deterministic_random_seed_905_from_first_6400_training_pairs
670,5365,images/img_5365_SR9.7_RMSE0.0546_SSIM0.7516.JPEG,img_5365_original.JPEG,deterministic_random_seed_905_from_first_6400_training_pairs
671,5366,images/img_5366_SR9.8_RMSE0.0203_SSIM0.8915.JPEG,img_5366_original.JPEG,deterministic_random_seed_905_from_first_6400_training_pairs
672,5375,images/img_5375_SR10.6_RMSE0.0457_SSIM0.7641.JPEG,img_5375_original.JPEG,deterministic_random_seed_905_from_first_6400_training_pairs
673,5377,images/img_5377_SR11.9_RMSE0.0721_SSIM0.6683.JPEG,img_5377_original.JPEG,deterministic_random_seed_905_from_first_6400_training_pairs
674,5384,images/img_5384_SR9.1_RMSE0.0228_SSIM0.8799.JPEG,img_5384_original.JPEG,deterministic_random_seed_905_from_first_6400_training_pairs
675,5395,images/img_5395_SR8.6_RMSE0.0737_SSIM0.5707.JPEG,img_5395_original.JPEG,deterministic_random_seed_905_from_first_6400_training_pairs
676,5402,images/img_5402_SR9.6_RMSE0.0321_SSIM0.7726.JPEG,img_5402_original.JPEG,deterministic_random_seed_905_from_first_6400_training_pairs
677,5434,images/img_5434_SR6.6_RMSE0.0410_SSIM0.8651.JPEG,img_5434_original.JPEG,deterministic_random_seed_905_from_first_6400_training_pairs
678,5435,images/img_5435_SR9.4_RMSE0.0256_SSIM0.8551.JPEG,img_5435_original.JPEG,deterministic_random_seed_905_from_first_6400_training_pairs
679,5447,images/img_5447_SR11.0_RMSE0.0461_SSIM0.7496.JPEG,img_5447_original.JPEG,deterministic_random_seed_905_from_first_6400_training_pairs
680,5465,images/img_5465_SR10.8_RMSE0.0591_SSIM0.7379.JPEG,img_5465_original.JPEG,deterministic_random_seed_905_from_first_6400_training_pairs
681,5483,images/img_5483_SR9.2_RMSE0.0504_SSIM0.7904.JPEG,img_5483_original.JPEG,deterministic_random_seed_905_from_first_6400_training_pairs
682,5489,images/img_5489_SR10.3_RMSE0.0719_SSIM0.6261.JPEG,img_5489_original.JPEG,deterministic_random_seed_905_from_first_6400_training_pairs
683,5492,images/img_5492_SR10.2_RMSE0.0530_SSIM0.8199.JPEG,img_5492_original.JPEG,deterministic_random_seed_905_from_first_6400_training_pairs
684,5495,images/img_5495_SR8.3_RMSE0.0387_SSIM0.7671.JPEG,img_5495_original.JPEG,deterministic_random_seed_905_from_first_6400_training_pairs
685,5527,images/img_5527_SR10.0_RMSE0.0594_SSIM0.6970.JPEG,img_5527_original.JPEG,deterministic_random_seed_905_from_first_6400_training_pairs
686,5535,images/img_5535_SR10.2_RMSE0.0488_SSIM0.7885.JPEG,img_5535_original.JPEG,deterministic_random_seed_905_from_first_6400_training_pairs
687,5536,images/img_5536_SR7.0_RMSE0.0157_SSIM0.9711.JPEG,img_5536_original.JPEG,deterministic_random_seed_905_from_first_6400_training_pairs
688,5544,images/img_5544_SR8.5_RMSE0.0203_SSIM0.9148.JPEG,img_5544_original.JPEG,deterministic_random_seed_905_from_first_6400_training_pairs
689,5561,images/img_5561_SR10.9_RMSE0.0813_SSIM0.6712.JPEG,img_5561_original.JPEG,deterministic_random_seed_905_from_first_6400_training_pairs
690,5582,images/img_5582_SR11.5_RMSE0.0593_SSIM0.7031.JPEG,img_5582_original.JPEG,deterministic_random_seed_905_from_first_6400_training_pairs
691,5587,images/img_5587_SR9.4_RMSE0.0449_SSIM0.7737.JPEG,img_5587_original.JPEG,deterministic_random_seed_905_from_first_6400_training_pairs
692,5597,images/img_5597_SR9.2_RMSE0.0424_SSIM0.7175.JPEG,img_5597_original.JPEG,deterministic_random_seed_905_from_first_6400_training_pairs
693,5599,images/img_5599_SR11.2_RMSE0.0465_SSIM0.7932.JPEG,img_5599_original.JPEG,deterministic_random_seed_905_from_first_6400_training_pairs
694,5600,images/img_5600_SR11.6_RMSE0.0517_SSIM0.8017.JPEG,img_5600_original.JPEG,deterministic_random_seed_905_from_first_6400_training_pairs
695,5610,images/img_5610_SR8.7_RMSE0.0413_SSIM0.7690.JPEG,img_5610_original.JPEG,deterministic_random_seed_905_from_first_6400_training_pairs
696,5612,images/img_5612_SR8.7_RMSE0.0448_SSIM0.7995.JPEG,img_5612_original.JPEG,deterministic_random_seed_905_from_first_6400_training_pairs
697,5617,images/img_5617_SR10.7_RMSE0.0433_SSIM0.7825.JPEG,img_5617_original.JPEG,deterministic_random_seed_905_from_first_6400_training_pairs
698,5635,images/img_5635_SR10.7_RMSE0.0445_SSIM0.7480.JPEG,img_5635_original.JPEG,deterministic_random_seed_905_from_first_6400_training_pairs
699,5637,images/img_5637_SR10.6_RMSE0.0852_SSIM0.5541.JPEG,img_5637_original.JPEG,deterministic_random_seed_905_from_first_6400_training_pairs
700,5668,images/img_5668_SR11.2_RMSE0.0826_SSIM0.6769.JPEG,img_5668_original.JPEG,deterministic_random_seed_905_from_first_6400_training_pairs
701,5679,images/img_5679_SR11.9_RMSE0.0515_SSIM0.8370.JPEG,img_5679_original.JPEG,deterministic_random_seed_905_from_first_6400_training_pairs
702,5702,images/img_5702_SR8.8_RMSE0.0147_SSIM0.9319.JPEG,img_5702_original.JPEG,deterministic_random_seed_905_from_first_6400_training_pairs
703,5714,images/img_5714_SR12.2_RMSE0.0608_SSIM0.7510.JPEG,img_5714_original.JPEG,deterministic_random_seed_905_from_first_6400_training_pairs
704,5720,images/img_5720_SR11.3_RMSE0.0549_SSIM0.6762.JPEG,img_5720_original.JPEG,deterministic_random_seed_905_from_first_6400_training_pairs
705,5722,images/img_5722_SR9.2_RMSE0.0564_SSIM0.7222.JPEG,img_5722_original.JPEG,deterministic_random_seed_905_from_first_6400_training_pairs
706,5723,images/img_5723_SR9.3_RMSE0.0280_SSIM0.8622.JPEG,img_5723_original.JPEG,deterministic_random_seed_905_from_first_6400_training_pairs
707,5734,images/img_5734_SR10.3_RMSE0.0464_SSIM0.7788.JPEG,img_5734_original.JPEG,deterministic_random_seed_905_from_first_6400_training_pairs
708,5736,images/img_5736_SR8.6_RMSE0.0628_SSIM0.7109.JPEG,img_5736_original.JPEG,deterministic_random_seed_905_from_first_6400_training_pairs
709,5759,images/img_5759_SR10.3_RMSE0.0397_SSIM0.7917.JPEG,img_5759_original.JPEG,deterministic_random_seed_905_from_first_6400_training_pairs
710,5763,images/img_5763_SR9.3_RMSE0.0150_SSIM0.9315.JPEG,img_5763_original.JPEG,deterministic_random_seed_905_from_first_6400_training_pairs
711,5789,images/img_5789_SR9.1_RMSE0.0171_SSIM0.9018.JPEG,img_5789_original.JPEG,deterministic_random_seed_905_from_first_6400_training_pairs
712,5796,images/img_5796_SR9.8_RMSE0.0313_SSIM0.8528.JPEG,img_5796_original.JPEG,deterministic_random_seed_905_from_first_6400_training_pairs
713,5811,images/img_5811_SR9.2_RMSE0.0487_SSIM0.7346.JPEG,img_5811_original.JPEG,deterministic_random_seed_905_from_first_6400_training_pairs
714,5827,images/img_5827_SR12.4_RMSE0.0639_SSIM0.7958.JPEG,img_5827_original.JPEG,deterministic_random_seed_905_from_first_6400_training_pairs
715,5836,images/img_5836_SR11.1_RMSE0.0374_SSIM0.8110.JPEG,img_5836_original.JPEG,deterministic_random_seed_905_from_first_6400_training_pairs
716,5840,images/img_5840_SR11.3_RMSE0.0506_SSIM0.7832.JPEG,img_5840_original.JPEG,deterministic_random_seed_905_from_first_6400_training_pairs
717,5842,images/img_5842_SR10.9_RMSE0.0767_SSIM0.6599.JPEG,img_5842_original.JPEG,deterministic_random_seed_905_from_first_6400_training_pairs
718,5851,images/img_5851_SR9.9_RMSE0.0494_SSIM0.6868.JPEG,img_5851_original.JPEG,deterministic_random_seed_905_from_first_6400_training_pairs
719,5852,images/img_5852_SR9.9_RMSE0.0386_SSIM0.8316.JPEG,img_5852_original.JPEG,deterministic_random_seed_905_from_first_6400_training_pairs
720,5858,images/img_5858_SR10.5_RMSE0.0315_SSIM0.8879.JPEG,img_5858_original.JPEG,deterministic_random_seed_905_from_first_6400_training_pairs
721,5860,images/img_5860_SR11.1_RMSE0.0351_SSIM0.8258.JPEG,img_5860_original.JPEG,deterministic_random_seed_905_from_first_6400_training_pairs
722,5861,images/img_5861_SR10.5_RMSE0.0524_SSIM0.7896.JPEG,img_5861_original.JPEG,deterministic_random_seed_905_from_first_6400_training_pairs
723,5869,images/img_5869_SR11.3_RMSE0.0497_SSIM0.5799.JPEG,img_5869_original.JPEG,deterministic_random_seed_905_from_first_6400_training_pairs
724,5874,images/img_5874_SR10.0_RMSE0.0201_SSIM0.9064.JPEG,img_5874_original.JPEG,deterministic_random_seed_905_from_first_6400_training_pairs
725,5879,images/img_5879_SR9.3_RMSE0.0396_SSIM0.7776.JPEG,img_5879_original.JPEG,deterministic_random_seed_905_from_first_6400_training_pairs
726,5889,images/img_5889_SR11.6_RMSE0.0382_SSIM0.8206.JPEG,img_5889_original.JPEG,deterministic_random_seed_905_from_first_6400_training_pairs
727,5902,images/img_5902_SR10.7_RMSE0.0268_SSIM0.7679.JPEG,img_5902_original.JPEG,deterministic_random_seed_905_from_first_6400_training_pairs
728,5903,images/img_5903_SR12.4_RMSE0.0619_SSIM0.7027.JPEG,img_5903_original.JPEG,deterministic_random_seed_905_from_first_6400_training_pairs
729,5909,images/img_5909_SR9.6_RMSE0.0439_SSIM0.7661.JPEG,img_5909_original.JPEG,deterministic_random_seed_905_from_first_6400_training_pairs
730,5931,images/img_5931_SR9.1_RMSE0.0305_SSIM0.8262.JPEG,img_5931_original.JPEG,deterministic_random_seed_905_from_first_6400_training_pairs
731,5935,images/img_5935_SR12.5_RMSE0.0382_SSIM0.8434.JPEG,img_5935_original.JPEG,deterministic_random_seed_905_from_first_6400_training_pairs
732,5937,images/img_5937_SR8.2_RMSE0.0431_SSIM0.8394.JPEG,img_5937_original.JPEG,deterministic_random_seed_905_from_first_6400_training_pairs
733,5949,images/img_5949_SR11.5_RMSE0.0184_SSIM0.8929.JPEG,img_5949_original.JPEG,deterministic_random_seed_905_from_first_6400_training_pairs
734,5950,images/img_5950_SR10.5_RMSE0.0264_SSIM0.8485.JPEG,img_5950_original.JPEG,deterministic_random_seed_905_from_first_6400_training_pairs
735,5954,images/img_5954_SR10.1_RMSE0.0549_SSIM0.7045.JPEG,img_5954_original.JPEG,deterministic_random_seed_905_from_first_6400_training_pairs
736,5956,images/img_5956_SR12.7_RMSE0.0444_SSIM0.7980.JPEG,img_5956_original.JPEG,deterministic_random_seed_905_from_first_6400_training_pairs
737,5963,images/img_5963_SR9.1_RMSE0.0304_SSIM0.8454.JPEG,img_5963_original.JPEG,deterministic_random_seed_905_from_first_6400_training_pairs
738,5972,images/img_5972_SR9.1_RMSE0.0334_SSIM0.7966.JPEG,img_5972_original.JPEG,deterministic_random_seed_905_from_first_6400_training_pairs
739,5973,images/img_5973_SR9.0_RMSE0.0107_SSIM0.9467.JPEG,img_5973_original.JPEG,deterministic_random_seed_905_from_first_6400_training_pairs
740,5982,images/img_5982_SR9.6_RMSE0.0715_SSIM0.6384.JPEG,img_5982_original.JPEG,deterministic_random_seed_905_from_first_6400_training_pairs
741,5993,images/img_5993_SR11.9_RMSE0.0779_SSIM0.6786.JPEG,img_5993_original.JPEG,deterministic_random_seed_905_from_first_6400_training_pairs
742,5999,images/img_5999_SR10.5_RMSE0.0393_SSIM0.8366.JPEG,img_5999_original.JPEG,deterministic_random_seed_905_from_first_6400_training_pairs
743,6000,images/img_6000_SR8.5_RMSE0.0442_SSIM0.6990.JPEG,img_6000_original.JPEG,deterministic_random_seed_905_from_first_6400_training_pairs
744,6010,images/img_6010_SR10.1_RMSE0.0558_SSIM0.7391.JPEG,img_6010_original.JPEG,deterministic_random_seed_905_from_first_6400_training_pairs
745,6015,images/img_6015_SR15.1_RMSE0.0850_SSIM0.7312.JPEG,img_6015_original.JPEG,deterministic_random_seed_905_from_first_6400_training_pairs
746,6021,images/img_6021_SR11.5_RMSE0.0601_SSIM0.5378.JPEG,img_6021_original.JPEG,deterministic_random_seed_905_from_first_6400_training_pairs
747,6022,images/img_6022_SR9.6_RMSE0.0291_SSIM0.8357.JPEG,img_6022_original.JPEG,deterministic_random_seed_905_from_first_6400_training_pairs
748,6026,images/img_6026_SR10.7_RMSE0.0521_SSIM0.7071.JPEG,img_6026_original.JPEG,deterministic_random_seed_905_from_first_6400_training_pairs
749,6033,images/img_6033_SR8.0_RMSE0.0215_SSIM0.9275.JPEG,img_6033_original.JPEG,deterministic_random_seed_905_from_first_6400_training_pairs
750,6043,images/img_6043_SR8.9_RMSE0.0262_SSIM0.8533.JPEG,img_6043_original.JPEG,deterministic_random_seed_905_from_first_6400_training_pairs
751,6046,images/img_6046_SR8.6_RMSE0.0637_SSIM0.7501.JPEG,img_6046_original.JPEG,deterministic_random_seed_905_from_first_6400_training_pairs
752,6061,images/img_6061_SR13.1_RMSE0.0717_SSIM0.6248.JPEG,img_6061_original.JPEG,deterministic_random_seed_905_from_first_6400_training_pairs
753,6075,images/img_6075_SR9.3_RMSE0.0326_SSIM0.7455.JPEG,img_6075_original.JPEG,deterministic_random_seed_905_from_first_6400_training_pairs
754,6079,images/img_6079_SR12.4_RMSE0.0530_SSIM0.6968.JPEG,img_6079_original.JPEG,deterministic_random_seed_905_from_first_6400_training_pairs
755,6088,images/img_6088_SR10.2_RMSE0.0634_SSIM0.6573.JPEG,img_6088_original.JPEG,deterministic_random_seed_905_from_first_6400_training_pairs
756,6090,images/img_6090_SR9.6_RMSE0.0669_SSIM0.7232.JPEG,img_6090_original.JPEG,deterministic_random_seed_905_from_first_6400_training_pairs
757,6094,images/img_6094_SR8.6_RMSE0.0439_SSIM0.7907.JPEG,img_6094_original.JPEG,deterministic_random_seed_905_from_first_6400_training_pairs
758,6097,images/img_6097_SR10.5_RMSE0.0721_SSIM0.5756.JPEG,img_6097_original.JPEG,deterministic_random_seed_905_from_first_6400_training_pairs
759,6100,images/img_6100_SR10.7_RMSE0.0519_SSIM0.7609.JPEG,img_6100_original.JPEG,deterministic_random_seed_905_from_first_6400_training_pairs
760,6107,images/img_6107_SR9.0_RMSE0.0658_SSIM0.6332.JPEG,img_6107_original.JPEG,deterministic_random_seed_905_from_first_6400_training_pairs
761,6111,images/img_6111_SR11.6_RMSE0.0515_SSIM0.6357.JPEG,img_6111_original.JPEG,deterministic_random_seed_905_from_first_6400_training_pairs
762,6117,images/img_6117_SR8.5_RMSE0.0517_SSIM0.7437.JPEG,img_6117_original.JPEG,deterministic_random_seed_905_from_first_6400_training_pairs
763,6121,images/img_6121_SR6.8_RMSE0.0279_SSIM0.8530.JPEG,img_6121_original.JPEG,deterministic_random_seed_905_from_first_6400_training_pairs
764,6123,images/img_6123_SR9.5_RMSE0.0189_SSIM0.9056.JPEG,img_6123_original.JPEG,deterministic_random_seed_905_from_first_6400_training_pairs
765,6129,images/img_6129_SR9.7_RMSE0.0498_SSIM0.6812.JPEG,img_6129_original.JPEG,deterministic_random_seed_905_from_first_6400_training_pairs
766,6130,images/img_6130_SR9.4_RMSE0.0384_SSIM0.7965.JPEG,img_6130_original.JPEG,deterministic_random_seed_905_from_first_6400_training_pairs
767,6131,images/img_6131_SR8.9_RMSE0.0504_SSIM0.7689.JPEG,img_6131_original.JPEG,deterministic_random_seed_905_from_first_6400_training_pairs
768,6132,images/img_6132_SR9.8_RMSE0.0592_SSIM0.6975.JPEG,img_6132_original.JPEG,deterministic_random_seed_905_from_first_6400_training_pairs
769,6133,images/img_6133_SR11.2_RMSE0.0893_SSIM0.7085.JPEG,img_6133_original.JPEG,deterministic_random_seed_905_from_first_6400_training_pairs
770,6136,images/img_6136_SR8.9_RMSE0.0455_SSIM0.7869.JPEG,img_6136_original.JPEG,deterministic_random_seed_905_from_first_6400_training_pairs
771,6137,images/img_6137_SR10.6_RMSE0.0300_SSIM0.8461.JPEG,img_6137_original.JPEG,deterministic_random_seed_905_from_first_6400_training_pairs
772,6140,images/img_6140_SR10.4_RMSE0.0338_SSIM0.8171.JPEG,img_6140_original.JPEG,deterministic_random_seed_905_from_first_6400_training_pairs
773,6141,images/img_6141_SR9.5_RMSE0.0555_SSIM0.7175.JPEG,img_6141_original.JPEG,deterministic_random_seed_905_from_first_6400_training_pairs
774,6146,images/img_6146_SR9.2_RMSE0.0489_SSIM0.6984.JPEG,img_6146_original.JPEG,deterministic_random_seed_905_from_first_6400_training_pairs
775,6157,images/img_6157_SR9.6_RMSE0.0572_SSIM0.7179.JPEG,img_6157_original.JPEG,deterministic_random_seed_905_from_first_6400_training_pairs
776,6164,images/img_6164_SR9.9_RMSE0.0490_SSIM0.7614.JPEG,img_6164_original.JPEG,deterministic_random_seed_905_from_first_6400_training_pairs
777,6179,images/img_6179_SR8.0_RMSE0.0238_SSIM0.8832.JPEG,img_6179_original.JPEG,deterministic_random_seed_905_from_first_6400_training_pairs
778,6190,images/img_6190_SR7.3_RMSE0.0347_SSIM0.8383.JPEG,img_6190_original.JPEG,deterministic_random_seed_905_from_first_6400_training_pairs
779,6195,images/img_6195_SR9.4_RMSE0.0326_SSIM0.8208.JPEG,img_6195_original.JPEG,deterministic_random_seed_905_from_first_6400_training_pairs
780,6198,images/img_6198_SR8.1_RMSE0.0430_SSIM0.8301.JPEG,img_6198_original.JPEG,deterministic_random_seed_905_from_first_6400_training_pairs
781,6212,images/img_6212_SR10.3_RMSE0.0486_SSIM0.7695.JPEG,img_6212_original.JPEG,deterministic_random_seed_905_from_first_6400_training_pairs
782,6217,images/img_6217_SR11.0_RMSE0.0321_SSIM0.8195.JPEG,img_6217_original.JPEG,deterministic_random_seed_905_from_first_6400_training_pairs
783,6263,images/img_6263_SR11.1_RMSE0.0578_SSIM0.7244.JPEG,img_6263_original.JPEG,deterministic_random_seed_905_from_first_6400_training_pairs
784,6270,images/img_6270_SR13.4_RMSE0.0768_SSIM0.7310.JPEG,img_6270_original.JPEG,deterministic_random_seed_905_from_first_6400_training_pairs
785,6279,images/img_6279_SR8.8_RMSE0.0486_SSIM0.7796.JPEG,img_6279_original.JPEG,deterministic_random_seed_905_from_first_6400_training_pairs
786,6294,images/img_6294_SR11.4_RMSE0.0652_SSIM0.6351.JPEG,img_6294_original.JPEG,deterministic_random_seed_905_from_first_6400_training_pairs
787,6311,images/img_6311_SR11.8_RMSE0.0595_SSIM0.7077.JPEG,img_6311_original.JPEG,deterministic_random_seed_905_from_first_6400_training_pairs
788,6319,images/img_6319_SR11.7_RMSE0.0296_SSIM0.8236.JPEG,img_6319_original.JPEG,deterministic_random_seed_905_from_first_6400_training_pairs
789,6326,images/img_6326_SR13.5_RMSE0.0619_SSIM0.6788.JPEG,img_6326_original.JPEG,deterministic_random_seed_905_from_first_6400_training_pairs
790,6328,images/img_6328_SR8.0_RMSE0.0561_SSIM0.7539.JPEG,img_6328_original.JPEG,deterministic_random_seed_905_from_first_6400_training_pairs
791,6358,images/img_6358_SR7.9_RMSE0.0208_SSIM0.8468.JPEG,img_6358_original.JPEG,deterministic_random_seed_905_from_first_6400_training_pairs
792,6359,images/img_6359_SR6.8_RMSE0.0280_SSIM0.8590.JPEG,img_6359_original.JPEG,deterministic_random_seed_905_from_first_6400_training_pairs
793,6364,images/img_6364_SR10.4_RMSE0.0196_SSIM0.9011.JPEG,img_6364_original.JPEG,deterministic_random_seed_905_from_first_6400_training_pairs
794,6365,images/img_6365_SR11.8_RMSE0.0736_SSIM0.5268.JPEG,img_6365_original.JPEG,deterministic_random_seed_905_from_first_6400_training_pairs
795,6368,images/img_6368_SR11.3_RMSE0.0765_SSIM0.5980.JPEG,img_6368_original.JPEG,deterministic_random_seed_905_from_first_6400_training_pairs
796,6372,images/img_6372_SR10.5_RMSE0.0233_SSIM0.8422.JPEG,img_6372_original.JPEG,deterministic_random_seed_905_from_first_6400_training_pairs
797,6376,images/img_6376_SR9.4_RMSE0.0398_SSIM0.8025.JPEG,img_6376_original.JPEG,deterministic_random_seed_905_from_first_6400_training_pairs
798,6380,images/img_6380_SR12.9_RMSE0.0716_SSIM0.6397.JPEG,img_6380_original.JPEG,deterministic_random_seed_905_from_first_6400_training_pairs
799,6399,images/img_6399_SR11.8_RMSE0.0798_SSIM0.6889.JPEG,img_6399_original.JPEG,deterministic_random_seed_905_from_first_6400_training_pairs
